CREATE DATABASE IF NOT EXISTS coach_service_db;
USE coach_service_db;
-- MySQL dump 10.13  Distrib 9.1.0, for Win64 (x86_64)
--
-- Host: localhost    Database: coach_service_db
-- ------------------------------------------------------
-- Server version	9.1.0

/*!40101 SET @OLD_CHARACTER_SET_CLIENT=@@CHARACTER_SET_CLIENT */;
/*!40101 SET @OLD_CHARACTER_SET_RESULTS=@@CHARACTER_SET_RESULTS */;
/*!40101 SET @OLD_COLLATION_CONNECTION=@@COLLATION_CONNECTION */;
/*!50503 SET NAMES utf8mb4 */;
/*!40103 SET @OLD_TIME_ZONE=@@TIME_ZONE */;
/*!40103 SET TIME_ZONE='+00:00' */;
/*!40014 SET @OLD_UNIQUE_CHECKS=@@UNIQUE_CHECKS, UNIQUE_CHECKS=0 */;
/*!40014 SET @OLD_FOREIGN_KEY_CHECKS=@@FOREIGN_KEY_CHECKS, FOREIGN_KEY_CHECKS=0 */;
/*!40101 SET @OLD_SQL_MODE=@@SQL_MODE, SQL_MODE='NO_AUTO_VALUE_ON_ZERO' */;
/*!40111 SET @OLD_SQL_NOTES=@@SQL_NOTES, SQL_NOTES=0 */;

--
-- Table structure for table `booking_details`
--

DROP TABLE IF EXISTS `booking_details`;
/*!40101 SET @saved_cs_client     = @@character_set_client */;
/*!50503 SET character_set_client = utf8mb4 */;
CREATE TABLE `booking_details` (
  `id` binary(16) NOT NULL,
  `created_at` datetime(6) DEFAULT NULL,
  `discount_amount` decimal(15,2) DEFAULT NULL,
  `discount_percent` decimal(5,2) DEFAULT NULL,
  `price` decimal(10,2) NOT NULL,
  `status` enum('BOOKED','CANCELLED','CHECKED_IN','USED') NOT NULL,
  `booking_id` binary(16) NOT NULL,
  `seat_id` binary(16) NOT NULL,
  PRIMARY KEY (`id`),
  KEY `FKkbcan6ybv86uappnh0qtdmvas` (`booking_id`),
  KEY `FKgphl9xdom8314je7ajy36ov2h` (`seat_id`),
  CONSTRAINT `FKgphl9xdom8314je7ajy36ov2h` FOREIGN KEY (`seat_id`) REFERENCES `seats` (`id`),
  CONSTRAINT `FKkbcan6ybv86uappnh0qtdmvas` FOREIGN KEY (`booking_id`) REFERENCES `bookings` (`id`)
) ENGINE=InnoDB DEFAULT CHARSET=utf8mb4 COLLATE=utf8mb4_0900_ai_ci;
/*!40101 SET character_set_client = @saved_cs_client */;

--
-- Dumping data for table `booking_details`
--

LOCK TABLES `booking_details` WRITE;
/*!40000 ALTER TABLE `booking_details` DISABLE KEYS */;
INSERT INTO `booking_details` VALUES (0x379BDDDDBA7311F0B98D00FF6B0014AE,'2025-11-06 01:14:06.000000',NULL,NULL,700000.00,'CHECKED_IN',0x379B74D7BA7311F0B98D00FF6B0014AE,0x4C5F27D5BA5E11F0B98D00FF6B0014AE),(0x379C7060BA7311F0B98D00FF6B0014AE,'2025-11-06 01:14:06.000000',NULL,NULL,800000.00,'CHECKED_IN',0x379C111BBA7311F0B98D00FF6B0014AE,0x4C58FB0FBA5E11F0B98D00FF6B0014AE),(0x379CB0A3BA7311F0B98D00FF6B0014AE,'2025-11-06 01:14:06.000000',NULL,NULL,800000.00,'CHECKED_IN',0x379C111BBA7311F0B98D00FF6B0014AE,0x4C592A31BA5E11F0B98D00FF6B0014AE),(0x379CEDD1BA7311F0B98D00FF6B0014AE,'2025-11-06 01:14:06.000000',NULL,NULL,800000.00,'USED',0x379C111BBA7311F0B98D00FF6B0014AE,0x4C595A36BA5E11F0B98D00FF6B0014AE),(0x379D659BBA7311F0B98D00FF6B0014AE,'2025-11-06 01:14:06.000000',NULL,NULL,800000.00,'BOOKED',0x379D169CBA7311F0B98D00FF6B0014AE,0x4C58FB0FBA5E11F0B98D00FF6B0014AE),(0x379DFB38BA7311F0B98D00FF6B0014AE,'2025-11-06 01:14:06.000000',NULL,NULL,700000.00,'BOOKED',0x379DA0D8BA7311F0B98D00FF6B0014AE,0x4C66ED74BA5E11F0B98D00FF6B0014AE),(0x379E3BCCBA7311F0B98D00FF6B0014AE,'2025-11-06 01:14:06.000000',NULL,NULL,700000.00,'USED',0x379DA0D8BA7311F0B98D00FF6B0014AE,0x4C671132BA5E11F0B98D00FF6B0014AE),(0x379E7490BA7311F0B98D00FF6B0014AE,'2025-11-06 01:14:06.000000',NULL,NULL,700000.00,'BOOKED',0x379DA0D8BA7311F0B98D00FF6B0014AE,0x4C67349DBA5E11F0B98D00FF6B0014AE),(0x379EDFE6BA7311F0B98D00FF6B0014AE,'2025-11-06 01:14:06.000000',NULL,NULL,800000.00,'USED',0x379E9E52BA7311F0B98D00FF6B0014AE,0x4C5000A2BA5E11F0B98D00FF6B0014AE),(0x379F1006BA7311F0B98D00FF6B0014AE,'2025-11-06 01:14:06.000000',NULL,NULL,800000.00,'USED',0x379E9E52BA7311F0B98D00FF6B0014AE,0x4C50E126BA5E11F0B98D00FF6B0014AE),(0x379F43EABA7311F0B98D00FF6B0014AE,'2025-11-06 01:14:06.000000',NULL,NULL,800000.00,'USED',0x379E9E52BA7311F0B98D00FF6B0014AE,0x4C525DEABA5E11F0B98D00FF6B0014AE),(0x379F75F0BA7311F0B98D00FF6B0014AE,'2025-11-06 01:14:06.000000',NULL,NULL,800000.00,'USED',0x379E9E52BA7311F0B98D00FF6B0014AE,0x4C52E301BA5E11F0B98D00FF6B0014AE),(0x379FF710BA7311F0B98D00FF6B0014AE,'2025-11-06 01:14:06.000000',NULL,NULL,700000.00,'USED',0x379FA6D3BA7311F0B98D00FF6B0014AE,0x4C66ED74BA5E11F0B98D00FF6B0014AE),(0x37A05F73BA7311F0B98D00FF6B0014AE,'2025-11-06 01:14:06.000000',NULL,NULL,800000.00,'USED',0x37A01FD3BA7311F0B98D00FF6B0014AE,0x4C5000A2BA5E11F0B98D00FF6B0014AE),(0x37A0983BBA7311F0B98D00FF6B0014AE,'2025-11-06 01:14:06.000000',NULL,NULL,800000.00,'CHECKED_IN',0x37A01FD3BA7311F0B98D00FF6B0014AE,0x4C50E126BA5E11F0B98D00FF6B0014AE),(0x37A0D073BA7311F0B98D00FF6B0014AE,'2025-11-06 01:14:06.000000',NULL,NULL,800000.00,'CHECKED_IN',0x37A01FD3BA7311F0B98D00FF6B0014AE,0x4C525DEABA5E11F0B98D00FF6B0014AE),(0x37A14964BA7311F0B98D00FF6B0014AE,'2025-11-06 01:14:06.000000',NULL,NULL,700000.00,'USED',0x37A0FBA9BA7311F0B98D00FF6B0014AE,0x4C5F27D5BA5E11F0B98D00FF6B0014AE);
/*!40000 ALTER TABLE `booking_details` ENABLE KEYS */;
UNLOCK TABLES;

--
-- Table structure for table `bookings`
--

DROP TABLE IF EXISTS `bookings`;
/*!40101 SET @saved_cs_client     = @@character_set_client */;
/*!50503 SET character_set_client = utf8mb4 */;
CREATE TABLE `bookings` (
  `id` binary(16) NOT NULL,
  `booking_code` varchar(20) NOT NULL,
  `buyer_email` varchar(100) DEFAULT NULL,
  `buyer_name` varchar(100) NOT NULL,
  `buyer_phone` varchar(20) NOT NULL,
  `cancel_reason` varchar(255) DEFAULT NULL,
  `canceled_at` datetime(6) DEFAULT NULL,
  `created_at` datetime(6) DEFAULT NULL,
  `customer_id` binary(16) DEFAULT NULL,
  `payment_method` enum('BANK_TRANSFER','CARD','CASH','ONLINE') DEFAULT NULL,
  `payment_status` enum('PAID','REFUNDED','UNPAID') DEFAULT NULL,
  `seat_count` int NOT NULL,
  `staff_id` binary(16) NOT NULL,
  `status` enum('CANCELLED','COMPLETED','CONFIRMED','PAID','PENDING','REFUNDED') NOT NULL,
  `total_amount` decimal(10,2) NOT NULL,
  `updated_at` datetime(6) DEFAULT NULL,
  `dropoff_stop_id` binary(16) NOT NULL,
  `pickup_stop_id` binary(16) NOT NULL,
  `trip_id` binary(16) NOT NULL,
  PRIMARY KEY (`id`),
  UNIQUE KEY `UKq97166k18hklq6ls46osbrftx` (`booking_code`),
  KEY `FKac8x9j9fvoh3rq1jl1ff23q3b` (`dropoff_stop_id`),
  KEY `FKi8lkesiu24j1hapsw7uaybdep` (`pickup_stop_id`),
  KEY `FK76g5jpvf8bcqejvp5d2vgrnjb` (`trip_id`),
  CONSTRAINT `FK76g5jpvf8bcqejvp5d2vgrnjb` FOREIGN KEY (`trip_id`) REFERENCES `trips` (`id`),
  CONSTRAINT `FKac8x9j9fvoh3rq1jl1ff23q3b` FOREIGN KEY (`dropoff_stop_id`) REFERENCES `stops` (`id`),
  CONSTRAINT `FKi8lkesiu24j1hapsw7uaybdep` FOREIGN KEY (`pickup_stop_id`) REFERENCES `stops` (`id`)
) ENGINE=InnoDB DEFAULT CHARSET=utf8mb4 COLLATE=utf8mb4_0900_ai_ci;
/*!40101 SET character_set_client = @saved_cs_client */;

--
-- Dumping data for table `bookings`
--

LOCK TABLES `bookings` WRITE;
/*!40000 ALTER TABLE `bookings` DISABLE KEYS */;
INSERT INTO `bookings` VALUES (0x379B74D7BA7311F0B98D00FF6B0014AE,'BK556808','user20167@gmail.com','Pham Thi D','0176268281',NULL,NULL,'2025-11-06 01:14:06.000000',0x379B8AF1BA7311F0B98D00FF6B0014AE,'CARD','UNPAID',1,0x379B8B18BA7311F0B98D00FF6B0014AE,'PAID',700000.00,'2025-11-06 01:14:06.000000',0x4CAFE5BBBA5E11F0B98D00FF6B0014AE,0x4CB12AC9BA5E11F0B98D00FF6B0014AE,0x64B89FD3BA6911F0B98D00FF6B0014AE),(0x379C111BBA7311F0B98D00FF6B0014AE,'BK451621','user49375@gmail.com','Tran Thi B','0179435088',NULL,NULL,'2025-11-06 01:14:06.000000',0x379C240EBA7311F0B98D00FF6B0014AE,'BANK_TRANSFER','PAID',3,0x379C2436BA7311F0B98D00FF6B0014AE,'PENDING',2400000.00,'2025-11-06 01:14:06.000000',0x4CAF3E8CBA5E11F0B98D00FF6B0014AE,0x4CAFE5BBBA5E11F0B98D00FF6B0014AE,0x16F164C2BA6911F0B98D00FF6B0014AE),(0x379D169CBA7311F0B98D00FF6B0014AE,'BK439483','user54543@gmail.com','Do Van E','0466689286',NULL,NULL,'2025-11-06 01:14:06.000000',0x379D2596BA7311F0B98D00FF6B0014AE,'ONLINE','UNPAID',1,0x379D25AEBA7311F0B98D00FF6B0014AE,'PAID',800000.00,'2025-11-06 01:14:06.000000',0x4CAE0B2BBA5E11F0B98D00FF6B0014AE,0x4CAFE5BBBA5E11F0B98D00FF6B0014AE,0x16F158CBBA6911F0B98D00FF6B0014AE),(0x379DA0D8BA7311F0B98D00FF6B0014AE,'BK865718','user6064@gmail.com','Bui Thi H','0413533161',NULL,NULL,'2025-11-06 01:14:06.000000',0x379DB215BA7311F0B98D00FF6B0014AE,'CASH','PAID',3,0x379DB237BA7311F0B98D00FF6B0014AE,'CONFIRMED',2100000.00,'2025-11-06 01:14:06.000000',0x4CAD6539BA5E11F0B98D00FF6B0014AE,0x4CAFE5BBBA5E11F0B98D00FF6B0014AE,0x64B89B23BA6911F0B98D00FF6B0014AE),(0x379E9E52BA7311F0B98D00FF6B0014AE,'BK951081','user76739@gmail.com','Ngo Thi K','0654738966',NULL,NULL,'2025-11-06 01:14:06.000000',0x379EADA1BA7311F0B98D00FF6B0014AE,'BANK_TRANSFER','UNPAID',4,0x379EADBBBA7311F0B98D00FF6B0014AE,'PAID',3200000.00,'2025-11-06 01:14:06.000000',0x4CAF3E8CBA5E11F0B98D00FF6B0014AE,0x4CAE0B2BBA5E11F0B98D00FF6B0014AE,0x12B97984BA6811F0B98D00FF6B0014AE),(0x379FA6D3BA7311F0B98D00FF6B0014AE,'BK694449','user96215@gmail.com','Bui Thi H','0775525132',NULL,NULL,'2025-11-06 01:14:06.000000',0x379FBB98BA7311F0B98D00FF6B0014AE,'CASH','REFUNDED',1,0x379FBBC6BA7311F0B98D00FF6B0014AE,'CONFIRMED',700000.00,'2025-11-06 01:14:06.000000',0x4CAF6AD0BA5E11F0B98D00FF6B0014AE,0x4CAE9575BA5E11F0B98D00FF6B0014AE,0x64B8947ABA6911F0B98D00FF6B0014AE),(0x37A01FD3BA7311F0B98D00FF6B0014AE,'BK073803','user93930@gmail.com','Do Van E','0601893530',NULL,NULL,'2025-11-06 01:14:06.000000',0x37A02E74BA7311F0B98D00FF6B0014AE,'CARD','PAID',3,0x37A02E8ABA7311F0B98D00FF6B0014AE,'PAID',2400000.00,'2025-11-06 01:14:06.000000',0x4CAD0629BA5E11F0B98D00FF6B0014AE,0x4CAFE5BBBA5E11F0B98D00FF6B0014AE,0x16F16B0CBA6911F0B98D00FF6B0014AE),(0x37A0FBA9BA7311F0B98D00FF6B0014AE,'BK012486','user61305@gmail.com','Nguyen Van A','0369925161',NULL,NULL,'2025-11-06 01:14:06.000000',0x37A10D89BA7311F0B98D00FF6B0014AE,'CARD','PAID',1,0x37A10DA4BA7311F0B98D00FF6B0014AE,'PAID',700000.00,'2025-11-06 01:14:06.000000',0x4CAE9575BA5E11F0B98D00FF6B0014AE,0x4CAF6AD0BA5E11F0B98D00FF6B0014AE,0x64B8849ABA6911F0B98D00FF6B0014AE);
/*!40000 ALTER TABLE `bookings` ENABLE KEYS */;
UNLOCK TABLES;

--
-- Table structure for table `provinces`
--

DROP TABLE IF EXISTS `provinces`;
/*!40101 SET @saved_cs_client     = @@character_set_client */;
/*!50503 SET character_set_client = utf8mb4 */;
CREATE TABLE `provinces` (
  `id` binary(16) NOT NULL,
  `active` bit(1) NOT NULL,
  `code` varchar(20) DEFAULT NULL,
  `created_at` datetime(6) DEFAULT NULL,
  `name` varchar(100) NOT NULL,
  `updated_at` datetime(6) DEFAULT NULL,
  PRIMARY KEY (`id`),
  UNIQUE KEY `UKdalikev902uvkpwn632apqe1k` (`code`)
) ENGINE=InnoDB DEFAULT CHARSET=utf8mb4 COLLATE=utf8mb4_0900_ai_ci;
/*!40101 SET character_set_client = @saved_cs_client */;

--
-- Dumping data for table `provinces`
--

LOCK TABLES `provinces` WRITE;
/*!40000 ALTER TABLE `provinces` DISABLE KEYS */;
INSERT INTO `provinces` VALUES (0x01202B3E200C7CCF93582020281E0221,0x01,'01','2025-10-28 21:35:38.637007','Thành phố Hà Nội',NULL),(0x01202B3E201372202006202059102937,0x01,'19','2025-10-28 21:35:38.643289','Tỉnh Thái Nguyên',NULL),(0x01202B3E2013722056637020C69B2000,0x01,'14','2025-10-28 21:35:38.643289','Tỉnh Sơn La',NULL),(0x01202B3E20137260202019204E652520,0x01,'12','2025-10-28 21:35:38.643289','Tỉnh Lai Châu',NULL),(0x01202B3E201374201A592020203D7200,0x01,'22','2025-10-28 21:35:38.643289','Tỉnh Quảng Ninh',NULL),(0x01202B3E2013791C20202A201B206E20,0x01,'11','2025-10-28 21:35:38.643289','Tỉnh Điện Biên',NULL),(0x01202B3E20137A302020202020200A52,0x01,'20','2025-10-28 21:35:38.643289','Tỉnh Lạng Sơn',NULL),(0x01202B3E20137A602030202F57202920,0x01,'04','2025-10-28 21:35:38.643289','Tỉnh Cao Bằng',NULL),(0x01202B3E20137F5F201529780A202022,0x01,'15','2025-10-28 21:35:38.643289','Tỉnh Lào Cai',NULL),(0x01202B3E20137FC5B9310C1667201C0E,0x01,'08','2025-10-28 21:35:38.643289','Tỉnh Tuyên Quang',NULL),(0x01202B3E20187020205220CDBC20203B,0x01,'80','2025-10-28 21:35:38.648159','Tỉnh Tây Ninh',NULL),(0x01202B3E2018712003CA9A7420216500,0x01,'31','2025-10-28 21:35:38.648159','Thành phố Hải Phòng',NULL),(0x01202B3E2018712020442020522A2000,0x01,'68','2025-10-28 21:35:38.648159','Tỉnh Lâm Đồng',NULL),(0x01202B3E201873202020202074202020,0x01,'40','2025-10-28 21:35:38.648159','Tỉnh Nghệ An',NULL),(0x01202B3E201873432020126F20661720,0x01,'79','2025-10-28 21:35:38.648159','Thành phố Hồ Chí Minh',NULL),(0x01202B3E2018736720112020CC8E4677,0x01,'24','2025-10-28 21:35:38.648159','Tỉnh Bắc Ninh',NULL),(0x01202B3E2018740A20444A16204F202A,0x01,'92','2025-10-28 21:35:38.648159','Thành phố Cần Thơ',NULL),(0x01202B3E201874412020082051202920,0x01,'37','2025-10-28 21:35:38.648159','Tỉnh Ninh Bình',NULL),(0x01202B3E201874D1A420D4951B48205C,0x01,'56','2025-10-28 21:35:38.648159','Tỉnh Khánh Hòa',NULL),(0x01202B3E2018754E202B206C3F252000,0x01,'44','2025-10-28 21:35:38.648159','Tỉnh Quảng Trị',NULL),(0x01202B3E201876202020207C20202020,0x01,'51','2025-10-28 21:35:38.648159','Tỉnh Quảng Ngãi',NULL),(0x01202B3E20187820202020612020201D,0x01,'33','2025-10-28 21:35:38.648159','Tỉnh Hưng Yên',NULL),(0x01202B3E201878202042172020332020,0x01,'96','2025-10-28 21:35:38.648159','Tỉnh Cà Mau',NULL),(0x01202B3E20187820204820202420203B,0x01,'42','2025-10-28 21:35:38.648159','Tỉnh Hà Tĩnh',NULL),(0x01202B3E2018784D203B5326506B3C6F,0x01,'46','2025-10-28 21:35:38.648159','Thành phố Huế',NULL),(0x01202B3E201879202020202013015F20,0x01,'66','2025-10-28 21:35:38.648159','Tỉnh Đắk Lắk',NULL),(0x01202B3E2018797720204E2020200000,0x01,'75','2025-10-28 21:35:38.648159','Tỉnh Đồng Nai',NULL),(0x01202B3E20187A2020053F2020204820,0x01,'48','2025-10-28 21:35:38.648159','Thành phố Đà Nẵng',NULL),(0x01202B3E20187ACA9D20203D20152008,0x01,'25','2025-10-28 21:35:38.648159','Tỉnh Phú Thọ',NULL),(0x01202B3E20187B4A202020206D201B7B,0x01,'38','2025-10-28 21:35:38.648159','Tỉnh Thanh Hóa',NULL),(0x01202B3E20187E1E2020362040302020,0x01,'86','2025-10-28 21:35:38.648159','Tỉnh Vĩnh Long',NULL),(0x01202B3E20187E2020202048427A2020,0x01,'52','2025-10-28 21:35:38.648159','Tỉnh Gia Lai',NULL),(0x01202B3E20187E4E204B6C2020442020,0x01,'91','2025-10-28 21:35:38.648159','Tỉnh An Giang',NULL),(0x01202B3E20187F4E20207D4D357E2020,0x01,'82','2025-10-28 21:35:38.648159','Tỉnh Đồng Tháp',NULL);
/*!40000 ALTER TABLE `provinces` ENABLE KEYS */;
UNLOCK TABLES;

--
-- Table structure for table `route_stops`
--

DROP TABLE IF EXISTS `route_stops`;
/*!40101 SET @saved_cs_client     = @@character_set_client */;
/*!50503 SET character_set_client = utf8mb4 */;
CREATE TABLE `route_stops` (
  `active` bit(1) NOT NULL,
  `allow_dropoff` bit(1) NOT NULL,
  `allow_pickup` bit(1) NOT NULL,
  `created_at` datetime(6) NOT NULL,
  `is_bus_station` bit(1) NOT NULL,
  `stop_order` int NOT NULL,
  `updated_at` datetime(6) DEFAULT NULL,
  `route_id` binary(16) NOT NULL,
  `stop_id` binary(16) NOT NULL,
  PRIMARY KEY (`route_id`,`stop_id`),
  KEY `FKjmssq6w9xpsvupp2x407s43i2` (`stop_id`),
  CONSTRAINT `FK63y33daxb1qs5nbnkuicbpkej` FOREIGN KEY (`route_id`) REFERENCES `routes` (`id`),
  CONSTRAINT `FKjmssq6w9xpsvupp2x407s43i2` FOREIGN KEY (`stop_id`) REFERENCES `stops` (`id`)
) ENGINE=InnoDB DEFAULT CHARSET=utf8mb4 COLLATE=utf8mb4_0900_ai_ci;
/*!40101 SET character_set_client = @saved_cs_client */;

--
-- Dumping data for table `route_stops`
--

LOCK TABLES `route_stops` WRITE;
/*!40000 ALTER TABLE `route_stops` DISABLE KEYS */;
INSERT INTO `route_stops` VALUES (0x01,0x01,0x01,'2025-11-05 23:28:04.000000',0x01,5,'2025-11-05 23:28:04.000000',0x16EC8705BA6311F0B98D00FF6B0014AE,0x4CAD0629BA5E11F0B98D00FF6B0014AE),(0x01,0x01,0x01,'2025-11-05 23:28:04.000000',0x01,7,'2025-11-05 23:28:04.000000',0x16EC8705BA6311F0B98D00FF6B0014AE,0x4CAE0B2BBA5E11F0B98D00FF6B0014AE),(0x01,0x01,0x01,'2025-11-05 23:28:04.000000',0x01,1,'2025-11-05 23:28:04.000000',0x16EC8705BA6311F0B98D00FF6B0014AE,0x4CAF3E8CBA5E11F0B98D00FF6B0014AE),(0x01,0x01,0x01,'2025-11-05 23:28:04.000000',0x01,3,'2025-11-05 23:28:04.000000',0x16EC8705BA6311F0B98D00FF6B0014AE,0x4CAF6AD0BA5E11F0B98D00FF6B0014AE),(0x01,0x01,0x01,'2025-11-05 23:28:04.000000',0x01,4,'2025-11-05 23:28:04.000000',0x16EC8705BA6311F0B98D00FF6B0014AE,0x4CAFE5BBBA5E11F0B98D00FF6B0014AE),(0x01,0x01,0x01,'2025-11-05 23:28:04.000000',0x01,6,'2025-11-05 23:28:04.000000',0x16EC8705BA6311F0B98D00FF6B0014AE,0x4CB01325BA5E11F0B98D00FF6B0014AE),(0x01,0x01,0x01,'2025-11-05 23:28:04.000000',0x01,2,'2025-11-05 23:28:04.000000',0x16EC8705BA6311F0B98D00FF6B0014AE,0x4CB09BF4BA5E11F0B98D00FF6B0014AE),(0x01,0x01,0x01,'2025-11-05 23:37:53.000000',0x01,1,'2025-11-05 23:37:53.000000',0x4E6D1F07BA6311F0B98D00FF6B0014AE,0x4CAD6539BA5E11F0B98D00FF6B0014AE),(0x01,0x01,0x01,'2025-11-05 23:37:53.000000',0x01,2,'2025-11-05 23:37:53.000000',0x4E6D1F07BA6311F0B98D00FF6B0014AE,0x4CAE9575BA5E11F0B98D00FF6B0014AE),(0x01,0x01,0x01,'2025-11-05 23:37:53.000000',0x01,6,'2025-11-05 23:37:53.000000',0x4E6D1F07BA6311F0B98D00FF6B0014AE,0x4CAF6AD0BA5E11F0B98D00FF6B0014AE),(0x01,0x01,0x01,'2025-11-05 23:37:53.000000',0x01,7,'2025-11-05 23:37:53.000000',0x4E6D1F07BA6311F0B98D00FF6B0014AE,0x4CAFE5BBBA5E11F0B98D00FF6B0014AE),(0x01,0x01,0x01,'2025-11-05 23:37:53.000000',0x01,4,'2025-11-05 23:37:53.000000',0x4E6D1F07BA6311F0B98D00FF6B0014AE,0x4CB03D06BA5E11F0B98D00FF6B0014AE),(0x01,0x01,0x01,'2025-11-05 23:37:53.000000',0x01,3,'2025-11-05 23:37:53.000000',0x4E6D1F07BA6311F0B98D00FF6B0014AE,0x4CB12AC9BA5E11F0B98D00FF6B0014AE),(0x01,0x01,0x01,'2025-11-05 23:37:53.000000',0x01,5,'2025-11-05 23:37:53.000000',0x4E6D1F07BA6311F0B98D00FF6B0014AE,0x4CB27C52BA5E11F0B98D00FF6B0014AE),(0x01,0x01,0x01,'2025-11-05 23:36:40.000000',0x01,7,'2025-11-05 23:36:40.000000',0x63348327BA6311F0B98D00FF6B0014AE,0x4CAD6539BA5E11F0B98D00FF6B0014AE),(0x01,0x01,0x01,'2025-11-05 23:36:40.000000',0x01,6,'2025-11-05 23:36:40.000000',0x63348327BA6311F0B98D00FF6B0014AE,0x4CAE9575BA5E11F0B98D00FF6B0014AE),(0x01,0x01,0x01,'2025-11-05 23:36:40.000000',0x01,2,'2025-11-05 23:36:40.000000',0x63348327BA6311F0B98D00FF6B0014AE,0x4CAF6AD0BA5E11F0B98D00FF6B0014AE),(0x01,0x01,0x01,'2025-11-05 23:36:40.000000',0x01,1,'2025-11-05 23:36:40.000000',0x63348327BA6311F0B98D00FF6B0014AE,0x4CAFE5BBBA5E11F0B98D00FF6B0014AE),(0x01,0x01,0x01,'2025-11-05 23:36:40.000000',0x01,4,'2025-11-05 23:36:40.000000',0x63348327BA6311F0B98D00FF6B0014AE,0x4CB03D06BA5E11F0B98D00FF6B0014AE),(0x01,0x01,0x01,'2025-11-05 23:36:40.000000',0x01,5,'2025-11-05 23:36:40.000000',0x63348327BA6311F0B98D00FF6B0014AE,0x4CB12AC9BA5E11F0B98D00FF6B0014AE),(0x01,0x01,0x01,'2025-11-05 23:36:40.000000',0x01,3,'2025-11-05 23:36:40.000000',0x63348327BA6311F0B98D00FF6B0014AE,0x4CB27C52BA5E11F0B98D00FF6B0014AE),(0x01,0x01,0x01,'2025-11-05 23:31:53.000000',0x01,3,'2025-11-05 23:31:53.000000',0xF9853AF0BA6211F0B98D00FF6B0014AE,0x4CAD0629BA5E11F0B98D00FF6B0014AE),(0x01,0x01,0x01,'2025-11-05 23:31:53.000000',0x01,1,'2025-11-05 23:31:53.000000',0xF9853AF0BA6211F0B98D00FF6B0014AE,0x4CAE0B2BBA5E11F0B98D00FF6B0014AE),(0x01,0x01,0x01,'2025-11-05 23:31:53.000000',0x01,7,'2025-11-05 23:31:53.000000',0xF9853AF0BA6211F0B98D00FF6B0014AE,0x4CAF3E8CBA5E11F0B98D00FF6B0014AE),(0x01,0x01,0x01,'2025-11-05 23:31:53.000000',0x01,5,'2025-11-05 23:31:53.000000',0xF9853AF0BA6211F0B98D00FF6B0014AE,0x4CAF6AD0BA5E11F0B98D00FF6B0014AE),(0x01,0x01,0x01,'2025-11-05 23:31:53.000000',0x01,4,'2025-11-05 23:31:53.000000',0xF9853AF0BA6211F0B98D00FF6B0014AE,0x4CAFE5BBBA5E11F0B98D00FF6B0014AE),(0x01,0x01,0x01,'2025-11-05 23:31:53.000000',0x01,2,'2025-11-05 23:31:53.000000',0xF9853AF0BA6211F0B98D00FF6B0014AE,0x4CB01325BA5E11F0B98D00FF6B0014AE),(0x01,0x01,0x01,'2025-11-05 23:31:53.000000',0x01,6,'2025-11-05 23:31:53.000000',0xF9853AF0BA6211F0B98D00FF6B0014AE,0x4CB09BF4BA5E11F0B98D00FF6B0014AE);
/*!40000 ALTER TABLE `route_stops` ENABLE KEYS */;
UNLOCK TABLES;

--
-- Table structure for table `routes`
--

DROP TABLE IF EXISTS `routes`;
/*!40101 SET @saved_cs_client     = @@character_set_client */;
/*!50503 SET character_set_client = utf8mb4 */;
CREATE TABLE `routes` (
  `id` binary(16) NOT NULL,
  `active` bit(1) NOT NULL,
  `code` varchar(50) NOT NULL,
  `created_at` datetime(6) NOT NULL,
  `distance_km` double DEFAULT NULL,
  `estimated_duration_minutes` int DEFAULT NULL,
  `name` varchar(255) NOT NULL,
  `updated_at` datetime(6) DEFAULT NULL,
  `end_stop_id` binary(16) NOT NULL,
  `start_stop_id` binary(16) NOT NULL,
  PRIMARY KEY (`id`),
  UNIQUE KEY `UKa9rxiut5x5syhn30p1e5uxfn5` (`code`),
  KEY `FK6qio0otbp4s6o868ifgw4awcv` (`end_stop_id`),
  KEY `FKtcytdgrfs6kql81lex9u4wm66` (`start_stop_id`),
  CONSTRAINT `FK6qio0otbp4s6o868ifgw4awcv` FOREIGN KEY (`end_stop_id`) REFERENCES `stops` (`id`),
  CONSTRAINT `FKtcytdgrfs6kql81lex9u4wm66` FOREIGN KEY (`start_stop_id`) REFERENCES `stops` (`id`)
) ENGINE=InnoDB DEFAULT CHARSET=utf8mb4 COLLATE=utf8mb4_0900_ai_ci;
/*!40101 SET character_set_client = @saved_cs_client */;

--
-- Dumping data for table `routes`
--

LOCK TABLES `routes` WRITE;
/*!40000 ALTER TABLE `routes` DISABLE KEYS */;
INSERT INTO `routes` VALUES (0x16EC8705BA6311F0B98D00FF6B0014AE,0x01,'HCM-HN','2025-11-05 23:18:39.000000',1800,288,'TH HCM - Hà Nội','2025-11-05 23:18:39.000000',0x4CAF3E8CBA5E11F0B98D00FF6B0014AE,0x4CAE0B2BBA5E11F0B98D00FF6B0014AE),(0x4E6D1F07BA6311F0B98D00FF6B0014AE,0x01,'CM-QN','2025-11-05 23:20:12.000000',1200,200,'Cà Mau - Quảng Ngãi','2025-11-05 23:20:12.000000',0x4CAD6539BA5E11F0B98D00FF6B0014AE,0x4CAFE5BBBA5E11F0B98D00FF6B0014AE),(0x63348327BA6311F0B98D00FF6B0014AE,0x01,'QN-CM','2025-11-05 23:20:47.000000',1200,200,'Quảng Ngãi - Cà Mau','2025-11-05 23:20:47.000000',0x4CAFE5BBBA5E11F0B98D00FF6B0014AE,0x4CAD6539BA5E11F0B98D00FF6B0014AE),(0xF9853AF0BA6211F0B98D00FF6B0014AE,0x01,'HN-HCM','2025-11-05 23:17:50.000000',1800,288,'Hà Nội - TP HCM','2025-11-05 23:17:50.000000',0x4CAE0B2BBA5E11F0B98D00FF6B0014AE,0x4CAF3E8CBA5E11F0B98D00FF6B0014AE);
/*!40000 ALTER TABLE `routes` ENABLE KEYS */;
UNLOCK TABLES;

--
-- Table structure for table `seats`
--

DROP TABLE IF EXISTS `seats`;
/*!40101 SET @saved_cs_client     = @@character_set_client */;
/*!50503 SET character_set_client = utf8mb4 */;
CREATE TABLE `seats` (
  `id` binary(16) NOT NULL,
  `created_at` datetime(6) DEFAULT NULL,
  `deck_number` int DEFAULT NULL,
  `seat_code` varchar(10) NOT NULL,
  `status` enum('ACTIVE','INACTIVE','MAINTENANCE') NOT NULL,
  `updated_at` datetime(6) DEFAULT NULL,
  `vehicle_id` binary(16) NOT NULL,
  PRIMARY KEY (`id`),
  KEY `FK8pt16nqlsq4xjel55rymxlja6` (`vehicle_id`),
  CONSTRAINT `FK8pt16nqlsq4xjel55rymxlja6` FOREIGN KEY (`vehicle_id`) REFERENCES `vehicles` (`id`)
) ENGINE=InnoDB DEFAULT CHARSET=utf8mb4 COLLATE=utf8mb4_0900_ai_ci;
/*!40101 SET character_set_client = @saved_cs_client */;

--
-- Dumping data for table `seats`
--

LOCK TABLES `seats` WRITE;
/*!40000 ALTER TABLE `seats` DISABLE KEYS */;
INSERT INTO `seats` VALUES (0x4C5000A2BA5E11F0B98D00FF6B0014AE,'2025-11-05 22:44:21.000000',1,'59BH011','ACTIVE','2025-11-05 22:44:21.000000',0x4C4DD70BBA5E11F0B98D00FF6B0014AE),(0x4C50E126BA5E11F0B98D00FF6B0014AE,'2025-11-05 22:44:21.000000',2,'59BH012','ACTIVE','2025-11-05 22:44:21.000000',0x4C4DD70BBA5E11F0B98D00FF6B0014AE),(0x4C525DEABA5E11F0B98D00FF6B0014AE,'2025-11-05 22:44:21.000000',3,'59BH013','ACTIVE','2025-11-05 22:44:21.000000',0x4C4DD70BBA5E11F0B98D00FF6B0014AE),(0x4C52E301BA5E11F0B98D00FF6B0014AE,'2025-11-05 22:44:21.000000',4,'59BH014','ACTIVE','2025-11-05 22:44:21.000000',0x4C4DD70BBA5E11F0B98D00FF6B0014AE),(0x4C5314FBBA5E11F0B98D00FF6B0014AE,'2025-11-05 22:44:21.000000',5,'59BH015','ACTIVE','2025-11-05 22:44:21.000000',0x4C4DD70BBA5E11F0B98D00FF6B0014AE),(0x4C533DE3BA5E11F0B98D00FF6B0014AE,'2025-11-05 22:44:21.000000',6,'59BH016','ACTIVE','2025-11-05 22:44:21.000000',0x4C4DD70BBA5E11F0B98D00FF6B0014AE),(0x4C53613DBA5E11F0B98D00FF6B0014AE,'2025-11-05 22:44:21.000000',7,'59BH017','ACTIVE','2025-11-05 22:44:21.000000',0x4C4DD70BBA5E11F0B98D00FF6B0014AE),(0x4C5387A3BA5E11F0B98D00FF6B0014AE,'2025-11-05 22:44:21.000000',8,'59BH018','ACTIVE','2025-11-05 22:44:21.000000',0x4C4DD70BBA5E11F0B98D00FF6B0014AE),(0x4C53AEA3BA5E11F0B98D00FF6B0014AE,'2025-11-05 22:44:21.000000',9,'59BH019','ACTIVE','2025-11-05 22:44:21.000000',0x4C4DD70BBA5E11F0B98D00FF6B0014AE),(0x4C53DACDBA5E11F0B98D00FF6B0014AE,'2025-11-05 22:44:21.000000',10,'59BH0110','ACTIVE','2025-11-05 22:44:21.000000',0x4C4DD70BBA5E11F0B98D00FF6B0014AE),(0x4C54090DBA5E11F0B98D00FF6B0014AE,'2025-11-05 22:44:21.000000',11,'59BH0111','ACTIVE','2025-11-05 22:44:21.000000',0x4C4DD70BBA5E11F0B98D00FF6B0014AE),(0x4C542F1ABA5E11F0B98D00FF6B0014AE,'2025-11-05 22:44:21.000000',12,'59BH0112','ACTIVE','2025-11-05 22:44:21.000000',0x4C4DD70BBA5E11F0B98D00FF6B0014AE),(0x4C545602BA5E11F0B98D00FF6B0014AE,'2025-11-05 22:44:21.000000',13,'59BH0113','ACTIVE','2025-11-05 22:44:21.000000',0x4C4DD70BBA5E11F0B98D00FF6B0014AE),(0x4C547BD1BA5E11F0B98D00FF6B0014AE,'2025-11-05 22:44:21.000000',14,'59BH0114','ACTIVE','2025-11-05 22:44:21.000000',0x4C4DD70BBA5E11F0B98D00FF6B0014AE),(0x4C54A195BA5E11F0B98D00FF6B0014AE,'2025-11-05 22:44:21.000000',15,'59BH0115','ACTIVE','2025-11-05 22:44:21.000000',0x4C4DD70BBA5E11F0B98D00FF6B0014AE),(0x4C54CA32BA5E11F0B98D00FF6B0014AE,'2025-11-05 22:44:21.000000',16,'59BH0116','ACTIVE','2025-11-05 22:44:21.000000',0x4C4DD70BBA5E11F0B98D00FF6B0014AE),(0x4C54F257BA5E11F0B98D00FF6B0014AE,'2025-11-05 22:44:21.000000',17,'59BH0117','ACTIVE','2025-11-05 22:44:21.000000',0x4C4DD70BBA5E11F0B98D00FF6B0014AE),(0x4C5522C6BA5E11F0B98D00FF6B0014AE,'2025-11-05 22:44:21.000000',18,'59BH0118','ACTIVE','2025-11-05 22:44:21.000000',0x4C4DD70BBA5E11F0B98D00FF6B0014AE),(0x4C554BA2BA5E11F0B98D00FF6B0014AE,'2025-11-05 22:44:21.000000',19,'59BH0119','ACTIVE','2025-11-05 22:44:21.000000',0x4C4DD70BBA5E11F0B98D00FF6B0014AE),(0x4C55710FBA5E11F0B98D00FF6B0014AE,'2025-11-05 22:44:21.000000',20,'59BH0120','ACTIVE','2025-11-05 22:44:21.000000',0x4C4DD70BBA5E11F0B98D00FF6B0014AE),(0x4C559670BA5E11F0B98D00FF6B0014AE,'2025-11-05 22:44:21.000000',21,'59BH0121','ACTIVE','2025-11-05 22:44:21.000000',0x4C4DD70BBA5E11F0B98D00FF6B0014AE),(0x4C55B8BFBA5E11F0B98D00FF6B0014AE,'2025-11-05 22:44:21.000000',22,'59BH0122','ACTIVE','2025-11-05 22:44:21.000000',0x4C4DD70BBA5E11F0B98D00FF6B0014AE),(0x4C55E032BA5E11F0B98D00FF6B0014AE,'2025-11-05 22:44:21.000000',23,'59BH0123','ACTIVE','2025-11-05 22:44:21.000000',0x4C4DD70BBA5E11F0B98D00FF6B0014AE),(0x4C560C76BA5E11F0B98D00FF6B0014AE,'2025-11-05 22:44:21.000000',24,'59BH0124','ACTIVE','2025-11-05 22:44:21.000000',0x4C4DD70BBA5E11F0B98D00FF6B0014AE),(0x4C563CAFBA5E11F0B98D00FF6B0014AE,'2025-11-05 22:44:21.000000',25,'59BH0125','ACTIVE','2025-11-05 22:44:21.000000',0x4C4DD70BBA5E11F0B98D00FF6B0014AE),(0x4C566413BA5E11F0B98D00FF6B0014AE,'2025-11-05 22:44:21.000000',26,'59BH0126','ACTIVE','2025-11-05 22:44:21.000000',0x4C4DD70BBA5E11F0B98D00FF6B0014AE),(0x4C5685D9BA5E11F0B98D00FF6B0014AE,'2025-11-05 22:44:21.000000',27,'59BH0127','ACTIVE','2025-11-05 22:44:21.000000',0x4C4DD70BBA5E11F0B98D00FF6B0014AE),(0x4C56AC1DBA5E11F0B98D00FF6B0014AE,'2025-11-05 22:44:21.000000',28,'59BH0128','ACTIVE','2025-11-05 22:44:21.000000',0x4C4DD70BBA5E11F0B98D00FF6B0014AE),(0x4C56D241BA5E11F0B98D00FF6B0014AE,'2025-11-05 22:44:21.000000',29,'59BH0129','ACTIVE','2025-11-05 22:44:21.000000',0x4C4DD70BBA5E11F0B98D00FF6B0014AE),(0x4C56FA77BA5E11F0B98D00FF6B0014AE,'2025-11-05 22:44:21.000000',30,'59BH0130','ACTIVE','2025-11-05 22:44:21.000000',0x4C4DD70BBA5E11F0B98D00FF6B0014AE),(0x4C572C02BA5E11F0B98D00FF6B0014AE,'2025-11-05 22:44:21.000000',31,'59BH0131','ACTIVE','2025-11-05 22:44:21.000000',0x4C4DD70BBA5E11F0B98D00FF6B0014AE),(0x4C575ACABA5E11F0B98D00FF6B0014AE,'2025-11-05 22:44:21.000000',32,'59BH0132','ACTIVE','2025-11-05 22:44:21.000000',0x4C4DD70BBA5E11F0B98D00FF6B0014AE),(0x4C579497BA5E11F0B98D00FF6B0014AE,'2025-11-05 22:44:21.000000',33,'59BH0133','ACTIVE','2025-11-05 22:44:21.000000',0x4C4DD70BBA5E11F0B98D00FF6B0014AE),(0x4C57BB1CBA5E11F0B98D00FF6B0014AE,'2025-11-05 22:44:21.000000',34,'59BH0134','ACTIVE','2025-11-05 22:44:21.000000',0x4C4DD70BBA5E11F0B98D00FF6B0014AE),(0x4C57E529BA5E11F0B98D00FF6B0014AE,'2025-11-05 22:44:21.000000',35,'59BH0135','ACTIVE','2025-11-05 22:44:21.000000',0x4C4DD70BBA5E11F0B98D00FF6B0014AE),(0x4C580F49BA5E11F0B98D00FF6B0014AE,'2025-11-05 22:44:21.000000',36,'59BH0136','ACTIVE','2025-11-05 22:44:21.000000',0x4C4DD70BBA5E11F0B98D00FF6B0014AE),(0x4C583AB8BA5E11F0B98D00FF6B0014AE,'2025-11-05 22:44:21.000000',37,'59BH0137','ACTIVE','2025-11-05 22:44:21.000000',0x4C4DD70BBA5E11F0B98D00FF6B0014AE),(0x4C586616BA5E11F0B98D00FF6B0014AE,'2025-11-05 22:44:21.000000',38,'59BH0138','ACTIVE','2025-11-05 22:44:21.000000',0x4C4DD70BBA5E11F0B98D00FF6B0014AE),(0x4C588DBFBA5E11F0B98D00FF6B0014AE,'2025-11-05 22:44:21.000000',39,'59BH0139','ACTIVE','2025-11-05 22:44:21.000000',0x4C4DD70BBA5E11F0B98D00FF6B0014AE),(0x4C58B2DEBA5E11F0B98D00FF6B0014AE,'2025-11-05 22:44:21.000000',40,'59BH0140','ACTIVE','2025-11-05 22:44:21.000000',0x4C4DD70BBA5E11F0B98D00FF6B0014AE),(0x4C58FB0FBA5E11F0B98D00FF6B0014AE,'2025-11-05 22:44:21.000000',1,'59BH021','ACTIVE','2025-11-05 22:44:21.000000',0x4C58D802BA5E11F0B98D00FF6B0014AE),(0x4C592A31BA5E11F0B98D00FF6B0014AE,'2025-11-05 22:44:21.000000',2,'59BH022','ACTIVE','2025-11-05 22:44:21.000000',0x4C58D802BA5E11F0B98D00FF6B0014AE),(0x4C595A36BA5E11F0B98D00FF6B0014AE,'2025-11-05 22:44:21.000000',3,'59BH023','ACTIVE','2025-11-05 22:44:21.000000',0x4C58D802BA5E11F0B98D00FF6B0014AE),(0x4C598572BA5E11F0B98D00FF6B0014AE,'2025-11-05 22:44:21.000000',4,'59BH024','ACTIVE','2025-11-05 22:44:21.000000',0x4C58D802BA5E11F0B98D00FF6B0014AE),(0x4C59B3F8BA5E11F0B98D00FF6B0014AE,'2025-11-05 22:44:21.000000',5,'59BH025','ACTIVE','2025-11-05 22:44:21.000000',0x4C58D802BA5E11F0B98D00FF6B0014AE),(0x4C59D945BA5E11F0B98D00FF6B0014AE,'2025-11-05 22:44:21.000000',6,'59BH026','ACTIVE','2025-11-05 22:44:21.000000',0x4C58D802BA5E11F0B98D00FF6B0014AE),(0x4C59FFBDBA5E11F0B98D00FF6B0014AE,'2025-11-05 22:44:21.000000',7,'59BH027','ACTIVE','2025-11-05 22:44:21.000000',0x4C58D802BA5E11F0B98D00FF6B0014AE),(0x4C5A2B5DBA5E11F0B98D00FF6B0014AE,'2025-11-05 22:44:21.000000',8,'59BH028','ACTIVE','2025-11-05 22:44:21.000000',0x4C58D802BA5E11F0B98D00FF6B0014AE),(0x4C5A5B38BA5E11F0B98D00FF6B0014AE,'2025-11-05 22:44:21.000000',9,'59BH029','ACTIVE','2025-11-05 22:44:21.000000',0x4C58D802BA5E11F0B98D00FF6B0014AE),(0x4C5A860EBA5E11F0B98D00FF6B0014AE,'2025-11-05 22:44:21.000000',10,'59BH0210','ACTIVE','2025-11-05 22:44:21.000000',0x4C58D802BA5E11F0B98D00FF6B0014AE),(0x4C5AA6F0BA5E11F0B98D00FF6B0014AE,'2025-11-05 22:44:21.000000',11,'59BH0211','ACTIVE','2025-11-05 22:44:21.000000',0x4C58D802BA5E11F0B98D00FF6B0014AE),(0x4C5AD35FBA5E11F0B98D00FF6B0014AE,'2025-11-05 22:44:21.000000',12,'59BH0212','ACTIVE','2025-11-05 22:44:21.000000',0x4C58D802BA5E11F0B98D00FF6B0014AE),(0x4C5AF800BA5E11F0B98D00FF6B0014AE,'2025-11-05 22:44:21.000000',13,'59BH0213','ACTIVE','2025-11-05 22:44:21.000000',0x4C58D802BA5E11F0B98D00FF6B0014AE),(0x4C5B1C87BA5E11F0B98D00FF6B0014AE,'2025-11-05 22:44:21.000000',14,'59BH0214','ACTIVE','2025-11-05 22:44:21.000000',0x4C58D802BA5E11F0B98D00FF6B0014AE),(0x4C5B4188BA5E11F0B98D00FF6B0014AE,'2025-11-05 22:44:21.000000',15,'59BH0215','ACTIVE','2025-11-05 22:44:21.000000',0x4C58D802BA5E11F0B98D00FF6B0014AE),(0x4C5B6BADBA5E11F0B98D00FF6B0014AE,'2025-11-05 22:44:21.000000',16,'59BH0216','ACTIVE','2025-11-05 22:44:21.000000',0x4C58D802BA5E11F0B98D00FF6B0014AE),(0x4C5B9391BA5E11F0B98D00FF6B0014AE,'2025-11-05 22:44:21.000000',17,'59BH0217','ACTIVE','2025-11-05 22:44:21.000000',0x4C58D802BA5E11F0B98D00FF6B0014AE),(0x4C5BB774BA5E11F0B98D00FF6B0014AE,'2025-11-05 22:44:21.000000',18,'59BH0218','ACTIVE','2025-11-05 22:44:21.000000',0x4C58D802BA5E11F0B98D00FF6B0014AE),(0x4C5BDC07BA5E11F0B98D00FF6B0014AE,'2025-11-05 22:44:21.000000',19,'59BH0219','ACTIVE','2025-11-05 22:44:21.000000',0x4C58D802BA5E11F0B98D00FF6B0014AE),(0x4C5C070BBA5E11F0B98D00FF6B0014AE,'2025-11-05 22:44:21.000000',20,'59BH0220','ACTIVE','2025-11-05 22:44:21.000000',0x4C58D802BA5E11F0B98D00FF6B0014AE),(0x4C5C2938BA5E11F0B98D00FF6B0014AE,'2025-11-05 22:44:21.000000',21,'59BH0221','ACTIVE','2025-11-05 22:44:21.000000',0x4C58D802BA5E11F0B98D00FF6B0014AE),(0x4C5C4F78BA5E11F0B98D00FF6B0014AE,'2025-11-05 22:44:21.000000',22,'59BH0222','ACTIVE','2025-11-05 22:44:21.000000',0x4C58D802BA5E11F0B98D00FF6B0014AE),(0x4C5C75ADBA5E11F0B98D00FF6B0014AE,'2025-11-05 22:44:21.000000',23,'59BH0223','ACTIVE','2025-11-05 22:44:21.000000',0x4C58D802BA5E11F0B98D00FF6B0014AE),(0x4C5C9E54BA5E11F0B98D00FF6B0014AE,'2025-11-05 22:44:21.000000',24,'59BH0224','ACTIVE','2025-11-05 22:44:21.000000',0x4C58D802BA5E11F0B98D00FF6B0014AE),(0x4C5CC28DBA5E11F0B98D00FF6B0014AE,'2025-11-05 22:44:21.000000',25,'59BH0225','ACTIVE','2025-11-05 22:44:21.000000',0x4C58D802BA5E11F0B98D00FF6B0014AE),(0x4C5CE6EDBA5E11F0B98D00FF6B0014AE,'2025-11-05 22:44:21.000000',26,'59BH0226','ACTIVE','2025-11-05 22:44:21.000000',0x4C58D802BA5E11F0B98D00FF6B0014AE),(0x4C5D0A63BA5E11F0B98D00FF6B0014AE,'2025-11-05 22:44:21.000000',27,'59BH0227','ACTIVE','2025-11-05 22:44:21.000000',0x4C58D802BA5E11F0B98D00FF6B0014AE),(0x4C5D2E15BA5E11F0B98D00FF6B0014AE,'2025-11-05 22:44:21.000000',28,'59BH0228','ACTIVE','2025-11-05 22:44:21.000000',0x4C58D802BA5E11F0B98D00FF6B0014AE),(0x4C5D5AB2BA5E11F0B98D00FF6B0014AE,'2025-11-05 22:44:21.000000',29,'59BH0229','ACTIVE','2025-11-05 22:44:21.000000',0x4C58D802BA5E11F0B98D00FF6B0014AE),(0x4C5D7EFEBA5E11F0B98D00FF6B0014AE,'2025-11-05 22:44:21.000000',30,'59BH0230','ACTIVE','2025-11-05 22:44:21.000000',0x4C58D802BA5E11F0B98D00FF6B0014AE),(0x4C5D9FA1BA5E11F0B98D00FF6B0014AE,'2025-11-05 22:44:21.000000',31,'59BH0231','ACTIVE','2025-11-05 22:44:21.000000',0x4C58D802BA5E11F0B98D00FF6B0014AE),(0x4C5DC2FFBA5E11F0B98D00FF6B0014AE,'2025-11-05 22:44:21.000000',32,'59BH0232','ACTIVE','2025-11-05 22:44:21.000000',0x4C58D802BA5E11F0B98D00FF6B0014AE),(0x4C5DEB16BA5E11F0B98D00FF6B0014AE,'2025-11-05 22:44:21.000000',33,'59BH0233','ACTIVE','2025-11-05 22:44:21.000000',0x4C58D802BA5E11F0B98D00FF6B0014AE),(0x4C5E0E76BA5E11F0B98D00FF6B0014AE,'2025-11-05 22:44:21.000000',34,'59BH0234','ACTIVE','2025-11-05 22:44:21.000000',0x4C58D802BA5E11F0B98D00FF6B0014AE),(0x4C5E318ABA5E11F0B98D00FF6B0014AE,'2025-11-05 22:44:21.000000',35,'59BH0235','ACTIVE','2025-11-05 22:44:21.000000',0x4C58D802BA5E11F0B98D00FF6B0014AE),(0x4C5E513EBA5E11F0B98D00FF6B0014AE,'2025-11-05 22:44:21.000000',36,'59BH0236','ACTIVE','2025-11-05 22:44:21.000000',0x4C58D802BA5E11F0B98D00FF6B0014AE),(0x4C5E7935BA5E11F0B98D00FF6B0014AE,'2025-11-05 22:44:21.000000',37,'59BH0237','ACTIVE','2025-11-05 22:44:21.000000',0x4C58D802BA5E11F0B98D00FF6B0014AE),(0x4C5E9E15BA5E11F0B98D00FF6B0014AE,'2025-11-05 22:44:21.000000',38,'59BH0238','ACTIVE','2025-11-05 22:44:21.000000',0x4C58D802BA5E11F0B98D00FF6B0014AE),(0x4C5EC1CDBA5E11F0B98D00FF6B0014AE,'2025-11-05 22:44:21.000000',39,'59BH0239','ACTIVE','2025-11-05 22:44:21.000000',0x4C58D802BA5E11F0B98D00FF6B0014AE),(0x4C5EE4A6BA5E11F0B98D00FF6B0014AE,'2025-11-05 22:44:21.000000',40,'59BH0240','ACTIVE','2025-11-05 22:44:21.000000',0x4C58D802BA5E11F0B98D00FF6B0014AE),(0x4C5F27D5BA5E11F0B98D00FF6B0014AE,'2025-11-05 22:44:21.000000',1,'59BH031','ACTIVE','2025-11-05 22:44:21.000000',0x4C5F04E0BA5E11F0B98D00FF6B0014AE),(0x4C5F4A63BA5E11F0B98D00FF6B0014AE,'2025-11-05 22:44:21.000000',2,'59BH032','ACTIVE','2025-11-05 22:44:21.000000',0x4C5F04E0BA5E11F0B98D00FF6B0014AE),(0x4C5F6E19BA5E11F0B98D00FF6B0014AE,'2025-11-05 22:44:21.000000',3,'59BH033','ACTIVE','2025-11-05 22:44:21.000000',0x4C5F04E0BA5E11F0B98D00FF6B0014AE),(0x4C5F934ABA5E11F0B98D00FF6B0014AE,'2025-11-05 22:44:21.000000',4,'59BH034','ACTIVE','2025-11-05 22:44:21.000000',0x4C5F04E0BA5E11F0B98D00FF6B0014AE),(0x4C5FB3A0BA5E11F0B98D00FF6B0014AE,'2025-11-05 22:44:21.000000',5,'59BH035','ACTIVE','2025-11-05 22:44:21.000000',0x4C5F04E0BA5E11F0B98D00FF6B0014AE),(0x4C5FD6CABA5E11F0B98D00FF6B0014AE,'2025-11-05 22:44:21.000000',6,'59BH036','ACTIVE','2025-11-05 22:44:21.000000',0x4C5F04E0BA5E11F0B98D00FF6B0014AE),(0x4C5FFB3EBA5E11F0B98D00FF6B0014AE,'2025-11-05 22:44:21.000000',7,'59BH037','ACTIVE','2025-11-05 22:44:21.000000',0x4C5F04E0BA5E11F0B98D00FF6B0014AE),(0x4C601F71BA5E11F0B98D00FF6B0014AE,'2025-11-05 22:44:21.000000',8,'59BH038','ACTIVE','2025-11-05 22:44:21.000000',0x4C5F04E0BA5E11F0B98D00FF6B0014AE),(0x4C6042DCBA5E11F0B98D00FF6B0014AE,'2025-11-05 22:44:21.000000',9,'59BH039','ACTIVE','2025-11-05 22:44:21.000000',0x4C5F04E0BA5E11F0B98D00FF6B0014AE),(0x4C6063D9BA5E11F0B98D00FF6B0014AE,'2025-11-05 22:44:21.000000',10,'59BH0310','ACTIVE','2025-11-05 22:44:21.000000',0x4C5F04E0BA5E11F0B98D00FF6B0014AE),(0x4C60889FBA5E11F0B98D00FF6B0014AE,'2025-11-05 22:44:21.000000',11,'59BH0311','ACTIVE','2025-11-05 22:44:21.000000',0x4C5F04E0BA5E11F0B98D00FF6B0014AE),(0x4C60ABB8BA5E11F0B98D00FF6B0014AE,'2025-11-05 22:44:21.000000',12,'59BH0312','ACTIVE','2025-11-05 22:44:21.000000',0x4C5F04E0BA5E11F0B98D00FF6B0014AE),(0x4C60D418BA5E11F0B98D00FF6B0014AE,'2025-11-05 22:44:21.000000',13,'59BH0313','ACTIVE','2025-11-05 22:44:21.000000',0x4C5F04E0BA5E11F0B98D00FF6B0014AE),(0x4C6161FBBA5E11F0B98D00FF6B0014AE,'2025-11-05 22:44:21.000000',14,'59BH0314','ACTIVE','2025-11-05 22:44:21.000000',0x4C5F04E0BA5E11F0B98D00FF6B0014AE),(0x4C619250BA5E11F0B98D00FF6B0014AE,'2025-11-05 22:44:21.000000',15,'59BH0315','ACTIVE','2025-11-05 22:44:21.000000',0x4C5F04E0BA5E11F0B98D00FF6B0014AE),(0x4C61CCC8BA5E11F0B98D00FF6B0014AE,'2025-11-05 22:44:21.000000',16,'59BH0316','ACTIVE','2025-11-05 22:44:21.000000',0x4C5F04E0BA5E11F0B98D00FF6B0014AE),(0x4C620B3ABA5E11F0B98D00FF6B0014AE,'2025-11-05 22:44:21.000000',17,'59BH0317','ACTIVE','2025-11-05 22:44:21.000000',0x4C5F04E0BA5E11F0B98D00FF6B0014AE),(0x4C625190BA5E11F0B98D00FF6B0014AE,'2025-11-05 22:44:21.000000',18,'59BH0318','ACTIVE','2025-11-05 22:44:21.000000',0x4C5F04E0BA5E11F0B98D00FF6B0014AE),(0x4C6288F6BA5E11F0B98D00FF6B0014AE,'2025-11-05 22:44:21.000000',19,'59BH0319','ACTIVE','2025-11-05 22:44:21.000000',0x4C5F04E0BA5E11F0B98D00FF6B0014AE),(0x4C62C09EBA5E11F0B98D00FF6B0014AE,'2025-11-05 22:44:21.000000',20,'59BH0320','ACTIVE','2025-11-05 22:44:21.000000',0x4C5F04E0BA5E11F0B98D00FF6B0014AE),(0x4C62F978BA5E11F0B98D00FF6B0014AE,'2025-11-05 22:44:21.000000',21,'59BH0321','ACTIVE','2025-11-05 22:44:21.000000',0x4C5F04E0BA5E11F0B98D00FF6B0014AE),(0x4C636197BA5E11F0B98D00FF6B0014AE,'2025-11-05 22:44:21.000000',22,'59BH0322','ACTIVE','2025-11-05 22:44:21.000000',0x4C5F04E0BA5E11F0B98D00FF6B0014AE),(0x4C63CDDBBA5E11F0B98D00FF6B0014AE,'2025-11-05 22:44:21.000000',23,'59BH0323','ACTIVE','2025-11-05 22:44:21.000000',0x4C5F04E0BA5E11F0B98D00FF6B0014AE),(0x4C64020FBA5E11F0B98D00FF6B0014AE,'2025-11-05 22:44:21.000000',24,'59BH0324','ACTIVE','2025-11-05 22:44:21.000000',0x4C5F04E0BA5E11F0B98D00FF6B0014AE),(0x4C642A79BA5E11F0B98D00FF6B0014AE,'2025-11-05 22:44:21.000000',25,'59BH0325','ACTIVE','2025-11-05 22:44:21.000000',0x4C5F04E0BA5E11F0B98D00FF6B0014AE),(0x4C6461BCBA5E11F0B98D00FF6B0014AE,'2025-11-05 22:44:21.000000',26,'59BH0326','ACTIVE','2025-11-05 22:44:21.000000',0x4C5F04E0BA5E11F0B98D00FF6B0014AE),(0x4C64989CBA5E11F0B98D00FF6B0014AE,'2025-11-05 22:44:21.000000',27,'59BH0327','ACTIVE','2025-11-05 22:44:21.000000',0x4C5F04E0BA5E11F0B98D00FF6B0014AE),(0x4C64D359BA5E11F0B98D00FF6B0014AE,'2025-11-05 22:44:21.000000',28,'59BH0328','ACTIVE','2025-11-05 22:44:21.000000',0x4C5F04E0BA5E11F0B98D00FF6B0014AE),(0x4C64F8A6BA5E11F0B98D00FF6B0014AE,'2025-11-05 22:44:21.000000',29,'59BH0329','ACTIVE','2025-11-05 22:44:21.000000',0x4C5F04E0BA5E11F0B98D00FF6B0014AE),(0x4C6518F7BA5E11F0B98D00FF6B0014AE,'2025-11-05 22:44:21.000000',30,'59BH0330','ACTIVE','2025-11-05 22:44:21.000000',0x4C5F04E0BA5E11F0B98D00FF6B0014AE),(0x4C653C4BBA5E11F0B98D00FF6B0014AE,'2025-11-05 22:44:21.000000',31,'59BH0331','ACTIVE','2025-11-05 22:44:21.000000',0x4C5F04E0BA5E11F0B98D00FF6B0014AE),(0x4C656D7BBA5E11F0B98D00FF6B0014AE,'2025-11-05 22:44:21.000000',32,'59BH0332','ACTIVE','2025-11-05 22:44:21.000000',0x4C5F04E0BA5E11F0B98D00FF6B0014AE),(0x4C6592B1BA5E11F0B98D00FF6B0014AE,'2025-11-05 22:44:21.000000',33,'59BH0333','ACTIVE','2025-11-05 22:44:21.000000',0x4C5F04E0BA5E11F0B98D00FF6B0014AE),(0x4C65C1F8BA5E11F0B98D00FF6B0014AE,'2025-11-05 22:44:21.000000',34,'59BH0334','ACTIVE','2025-11-05 22:44:21.000000',0x4C5F04E0BA5E11F0B98D00FF6B0014AE),(0x4C65E753BA5E11F0B98D00FF6B0014AE,'2025-11-05 22:44:21.000000',35,'59BH0335','ACTIVE','2025-11-05 22:44:21.000000',0x4C5F04E0BA5E11F0B98D00FF6B0014AE),(0x4C660D59BA5E11F0B98D00FF6B0014AE,'2025-11-05 22:44:21.000000',36,'59BH0336','ACTIVE','2025-11-05 22:44:21.000000',0x4C5F04E0BA5E11F0B98D00FF6B0014AE),(0x4C6630C5BA5E11F0B98D00FF6B0014AE,'2025-11-05 22:44:21.000000',37,'59BH0337','ACTIVE','2025-11-05 22:44:21.000000',0x4C5F04E0BA5E11F0B98D00FF6B0014AE),(0x4C665D03BA5E11F0B98D00FF6B0014AE,'2025-11-05 22:44:21.000000',38,'59BH0338','ACTIVE','2025-11-05 22:44:21.000000',0x4C5F04E0BA5E11F0B98D00FF6B0014AE),(0x4C66803ABA5E11F0B98D00FF6B0014AE,'2025-11-05 22:44:21.000000',39,'59BH0339','ACTIVE','2025-11-05 22:44:21.000000',0x4C5F04E0BA5E11F0B98D00FF6B0014AE),(0x4C66A065BA5E11F0B98D00FF6B0014AE,'2025-11-05 22:44:21.000000',40,'59BH0340','ACTIVE','2025-11-05 22:44:21.000000',0x4C5F04E0BA5E11F0B98D00FF6B0014AE),(0x4C66ED74BA5E11F0B98D00FF6B0014AE,'2025-11-05 22:44:21.000000',1,'59BH041','ACTIVE','2025-11-05 22:44:21.000000',0x4C66C8E3BA5E11F0B98D00FF6B0014AE),(0x4C671132BA5E11F0B98D00FF6B0014AE,'2025-11-05 22:44:22.000000',2,'59BH042','ACTIVE','2025-11-05 22:44:22.000000',0x4C66C8E3BA5E11F0B98D00FF6B0014AE),(0x4C67349DBA5E11F0B98D00FF6B0014AE,'2025-11-05 22:44:22.000000',3,'59BH043','ACTIVE','2025-11-05 22:44:22.000000',0x4C66C8E3BA5E11F0B98D00FF6B0014AE),(0x4C6754DABA5E11F0B98D00FF6B0014AE,'2025-11-05 22:44:22.000000',4,'59BH044','ACTIVE','2025-11-05 22:44:22.000000',0x4C66C8E3BA5E11F0B98D00FF6B0014AE),(0x4C677811BA5E11F0B98D00FF6B0014AE,'2025-11-05 22:44:22.000000',5,'59BH045','ACTIVE','2025-11-05 22:44:22.000000',0x4C66C8E3BA5E11F0B98D00FF6B0014AE),(0x4C679B27BA5E11F0B98D00FF6B0014AE,'2025-11-05 22:44:22.000000',6,'59BH046','ACTIVE','2025-11-05 22:44:22.000000',0x4C66C8E3BA5E11F0B98D00FF6B0014AE),(0x4C67C331BA5E11F0B98D00FF6B0014AE,'2025-11-05 22:44:22.000000',7,'59BH047','ACTIVE','2025-11-05 22:44:22.000000',0x4C66C8E3BA5E11F0B98D00FF6B0014AE),(0x4C67E84FBA5E11F0B98D00FF6B0014AE,'2025-11-05 22:44:22.000000',8,'59BH048','ACTIVE','2025-11-05 22:44:22.000000',0x4C66C8E3BA5E11F0B98D00FF6B0014AE),(0x4C680C16BA5E11F0B98D00FF6B0014AE,'2025-11-05 22:44:22.000000',9,'59BH049','ACTIVE','2025-11-05 22:44:22.000000',0x4C66C8E3BA5E11F0B98D00FF6B0014AE),(0x4C683266BA5E11F0B98D00FF6B0014AE,'2025-11-05 22:44:22.000000',10,'59BH0410','ACTIVE','2025-11-05 22:44:22.000000',0x4C66C8E3BA5E11F0B98D00FF6B0014AE),(0x4C685BCCBA5E11F0B98D00FF6B0014AE,'2025-11-05 22:44:22.000000',11,'59BH0411','ACTIVE','2025-11-05 22:44:22.000000',0x4C66C8E3BA5E11F0B98D00FF6B0014AE),(0x4C68803ABA5E11F0B98D00FF6B0014AE,'2025-11-05 22:44:22.000000',12,'59BH0412','ACTIVE','2025-11-05 22:44:22.000000',0x4C66C8E3BA5E11F0B98D00FF6B0014AE),(0x4C68A402BA5E11F0B98D00FF6B0014AE,'2025-11-05 22:44:22.000000',13,'59BH0413','ACTIVE','2025-11-05 22:44:22.000000',0x4C66C8E3BA5E11F0B98D00FF6B0014AE),(0x4C68C571BA5E11F0B98D00FF6B0014AE,'2025-11-05 22:44:22.000000',14,'59BH0414','ACTIVE','2025-11-05 22:44:22.000000',0x4C66C8E3BA5E11F0B98D00FF6B0014AE),(0x4C68E932BA5E11F0B98D00FF6B0014AE,'2025-11-05 22:44:22.000000',15,'59BH0415','ACTIVE','2025-11-05 22:44:22.000000',0x4C66C8E3BA5E11F0B98D00FF6B0014AE),(0x4C690CBDBA5E11F0B98D00FF6B0014AE,'2025-11-05 22:44:22.000000',16,'59BH0416','ACTIVE','2025-11-05 22:44:22.000000',0x4C66C8E3BA5E11F0B98D00FF6B0014AE),(0x4C692FE5BA5E11F0B98D00FF6B0014AE,'2025-11-05 22:44:22.000000',17,'59BH0417','ACTIVE','2025-11-05 22:44:22.000000',0x4C66C8E3BA5E11F0B98D00FF6B0014AE),(0x4C695333BA5E11F0B98D00FF6B0014AE,'2025-11-05 22:44:22.000000',18,'59BH0418','ACTIVE','2025-11-05 22:44:22.000000',0x4C66C8E3BA5E11F0B98D00FF6B0014AE),(0x4C6972ECBA5E11F0B98D00FF6B0014AE,'2025-11-05 22:44:22.000000',19,'59BH0419','ACTIVE','2025-11-05 22:44:22.000000',0x4C66C8E3BA5E11F0B98D00FF6B0014AE),(0x4C699520BA5E11F0B98D00FF6B0014AE,'2025-11-05 22:44:22.000000',20,'59BH0420','ACTIVE','2025-11-05 22:44:22.000000',0x4C66C8E3BA5E11F0B98D00FF6B0014AE),(0x4C69BABCBA5E11F0B98D00FF6B0014AE,'2025-11-05 22:44:22.000000',21,'59BH0421','ACTIVE','2025-11-05 22:44:22.000000',0x4C66C8E3BA5E11F0B98D00FF6B0014AE),(0x4C69DD04BA5E11F0B98D00FF6B0014AE,'2025-11-05 22:44:22.000000',22,'59BH0422','ACTIVE','2025-11-05 22:44:22.000000',0x4C66C8E3BA5E11F0B98D00FF6B0014AE),(0x4C6A0852BA5E11F0B98D00FF6B0014AE,'2025-11-05 22:44:22.000000',23,'59BH0423','ACTIVE','2025-11-05 22:44:22.000000',0x4C66C8E3BA5E11F0B98D00FF6B0014AE),(0x4C6A2934BA5E11F0B98D00FF6B0014AE,'2025-11-05 22:44:22.000000',24,'59BH0424','ACTIVE','2025-11-05 22:44:22.000000',0x4C66C8E3BA5E11F0B98D00FF6B0014AE),(0x4C6A4CE6BA5E11F0B98D00FF6B0014AE,'2025-11-05 22:44:22.000000',25,'59BH0425','ACTIVE','2025-11-05 22:44:22.000000',0x4C66C8E3BA5E11F0B98D00FF6B0014AE),(0x4C6A73A7BA5E11F0B98D00FF6B0014AE,'2025-11-05 22:44:22.000000',26,'59BH0426','ACTIVE','2025-11-05 22:44:22.000000',0x4C66C8E3BA5E11F0B98D00FF6B0014AE),(0x4C6AA01CBA5E11F0B98D00FF6B0014AE,'2025-11-05 22:44:22.000000',27,'59BH0427','ACTIVE','2025-11-05 22:44:22.000000',0x4C66C8E3BA5E11F0B98D00FF6B0014AE),(0x4C6AC4FEBA5E11F0B98D00FF6B0014AE,'2025-11-05 22:44:22.000000',28,'59BH0428','ACTIVE','2025-11-05 22:44:22.000000',0x4C66C8E3BA5E11F0B98D00FF6B0014AE),(0x4C6AE66BBA5E11F0B98D00FF6B0014AE,'2025-11-05 22:44:22.000000',29,'59BH0429','ACTIVE','2025-11-05 22:44:22.000000',0x4C66C8E3BA5E11F0B98D00FF6B0014AE),(0x4C6B0B2EBA5E11F0B98D00FF6B0014AE,'2025-11-05 22:44:22.000000',30,'59BH0430','ACTIVE','2025-11-05 22:44:22.000000',0x4C66C8E3BA5E11F0B98D00FF6B0014AE),(0x4C6B305DBA5E11F0B98D00FF6B0014AE,'2025-11-05 22:44:22.000000',31,'59BH0431','ACTIVE','2025-11-05 22:44:22.000000',0x4C66C8E3BA5E11F0B98D00FF6B0014AE),(0x4C6B54A8BA5E11F0B98D00FF6B0014AE,'2025-11-05 22:44:22.000000',32,'59BH0432','ACTIVE','2025-11-05 22:44:22.000000',0x4C66C8E3BA5E11F0B98D00FF6B0014AE),(0x4C6B7847BA5E11F0B98D00FF6B0014AE,'2025-11-05 22:44:22.000000',33,'59BH0433','ACTIVE','2025-11-05 22:44:22.000000',0x4C66C8E3BA5E11F0B98D00FF6B0014AE),(0x4C6B9939BA5E11F0B98D00FF6B0014AE,'2025-11-05 22:44:22.000000',34,'59BH0434','ACTIVE','2025-11-05 22:44:22.000000',0x4C66C8E3BA5E11F0B98D00FF6B0014AE),(0x4C6BBDB1BA5E11F0B98D00FF6B0014AE,'2025-11-05 22:44:22.000000',35,'59BH0435','ACTIVE','2025-11-05 22:44:22.000000',0x4C66C8E3BA5E11F0B98D00FF6B0014AE),(0x4C6BE15DBA5E11F0B98D00FF6B0014AE,'2025-11-05 22:44:22.000000',36,'59BH0436','ACTIVE','2025-11-05 22:44:22.000000',0x4C66C8E3BA5E11F0B98D00FF6B0014AE),(0x4C6C0714BA5E11F0B98D00FF6B0014AE,'2025-11-05 22:44:22.000000',37,'59BH0437','ACTIVE','2025-11-05 22:44:22.000000',0x4C66C8E3BA5E11F0B98D00FF6B0014AE),(0x4C6C2C30BA5E11F0B98D00FF6B0014AE,'2025-11-05 22:44:22.000000',38,'59BH0438','ACTIVE','2025-11-05 22:44:22.000000',0x4C66C8E3BA5E11F0B98D00FF6B0014AE),(0x4C6C4F34BA5E11F0B98D00FF6B0014AE,'2025-11-05 22:44:22.000000',39,'59BH0439','ACTIVE','2025-11-05 22:44:22.000000',0x4C66C8E3BA5E11F0B98D00FF6B0014AE),(0x4C6C731CBA5E11F0B98D00FF6B0014AE,'2025-11-05 22:44:22.000000',40,'59BH0440','ACTIVE','2025-11-05 22:44:22.000000',0x4C66C8E3BA5E11F0B98D00FF6B0014AE),(0x4C6CBA64BA5E11F0B98D00FF6B0014AE,'2025-11-05 22:44:22.000000',1,'59BH051','ACTIVE','2025-11-05 22:44:22.000000',0x4C6C96A7BA5E11F0B98D00FF6B0014AE),(0x4C6CE031BA5E11F0B98D00FF6B0014AE,'2025-11-05 22:44:22.000000',2,'59BH052','ACTIVE','2025-11-05 22:44:22.000000',0x4C6C96A7BA5E11F0B98D00FF6B0014AE),(0x4C6D02CBBA5E11F0B98D00FF6B0014AE,'2025-11-05 22:44:22.000000',3,'59BH053','ACTIVE','2025-11-05 22:44:22.000000',0x4C6C96A7BA5E11F0B98D00FF6B0014AE),(0x4C6D2732BA5E11F0B98D00FF6B0014AE,'2025-11-05 22:44:22.000000',4,'59BH054','ACTIVE','2025-11-05 22:44:22.000000',0x4C6C96A7BA5E11F0B98D00FF6B0014AE),(0x4C6D53FABA5E11F0B98D00FF6B0014AE,'2025-11-05 22:44:22.000000',5,'59BH055','ACTIVE','2025-11-05 22:44:22.000000',0x4C6C96A7BA5E11F0B98D00FF6B0014AE),(0x4C6D7838BA5E11F0B98D00FF6B0014AE,'2025-11-05 22:44:22.000000',6,'59BH056','ACTIVE','2025-11-05 22:44:22.000000',0x4C6C96A7BA5E11F0B98D00FF6B0014AE),(0x4C6D9B1FBA5E11F0B98D00FF6B0014AE,'2025-11-05 22:44:22.000000',7,'59BH057','ACTIVE','2025-11-05 22:44:22.000000',0x4C6C96A7BA5E11F0B98D00FF6B0014AE),(0x4C6DBBDDBA5E11F0B98D00FF6B0014AE,'2025-11-05 22:44:22.000000',8,'59BH058','ACTIVE','2025-11-05 22:44:22.000000',0x4C6C96A7BA5E11F0B98D00FF6B0014AE),(0x4C6DE39EBA5E11F0B98D00FF6B0014AE,'2025-11-05 22:44:22.000000',9,'59BH059','ACTIVE','2025-11-05 22:44:22.000000',0x4C6C96A7BA5E11F0B98D00FF6B0014AE),(0x4C6E073CBA5E11F0B98D00FF6B0014AE,'2025-11-05 22:44:22.000000',10,'59BH0510','ACTIVE','2025-11-05 22:44:22.000000',0x4C6C96A7BA5E11F0B98D00FF6B0014AE),(0x4C6E2A1DBA5E11F0B98D00FF6B0014AE,'2025-11-05 22:44:22.000000',11,'59BH0511','ACTIVE','2025-11-05 22:44:22.000000',0x4C6C96A7BA5E11F0B98D00FF6B0014AE),(0x4C6E4E68BA5E11F0B98D00FF6B0014AE,'2025-11-05 22:44:22.000000',12,'59BH0512','ACTIVE','2025-11-05 22:44:22.000000',0x4C6C96A7BA5E11F0B98D00FF6B0014AE),(0x4C6E6E82BA5E11F0B98D00FF6B0014AE,'2025-11-05 22:44:22.000000',13,'59BH0513','ACTIVE','2025-11-05 22:44:22.000000',0x4C6C96A7BA5E11F0B98D00FF6B0014AE),(0x4C6E91B4BA5E11F0B98D00FF6B0014AE,'2025-11-05 22:44:22.000000',14,'59BH0514','ACTIVE','2025-11-05 22:44:22.000000',0x4C6C96A7BA5E11F0B98D00FF6B0014AE),(0x4C6EB4F1BA5E11F0B98D00FF6B0014AE,'2025-11-05 22:44:22.000000',15,'59BH0515','ACTIVE','2025-11-05 22:44:22.000000',0x4C6C96A7BA5E11F0B98D00FF6B0014AE),(0x4C6EE104BA5E11F0B98D00FF6B0014AE,'2025-11-05 22:44:22.000000',16,'59BH0516','ACTIVE','2025-11-05 22:44:22.000000',0x4C6C96A7BA5E11F0B98D00FF6B0014AE),(0x4C6F0517BA5E11F0B98D00FF6B0014AE,'2025-11-05 22:44:22.000000',17,'59BH0517','ACTIVE','2025-11-05 22:44:22.000000',0x4C6C96A7BA5E11F0B98D00FF6B0014AE),(0x4C6F250EBA5E11F0B98D00FF6B0014AE,'2025-11-05 22:44:22.000000',18,'59BH0518','ACTIVE','2025-11-05 22:44:22.000000',0x4C6C96A7BA5E11F0B98D00FF6B0014AE),(0x4C6F4BF2BA5E11F0B98D00FF6B0014AE,'2025-11-05 22:44:22.000000',19,'59BH0519','ACTIVE','2025-11-05 22:44:22.000000',0x4C6C96A7BA5E11F0B98D00FF6B0014AE),(0x4C6F7190BA5E11F0B98D00FF6B0014AE,'2025-11-05 22:44:22.000000',20,'59BH0520','ACTIVE','2025-11-05 22:44:22.000000',0x4C6C96A7BA5E11F0B98D00FF6B0014AE),(0x4C6F9508BA5E11F0B98D00FF6B0014AE,'2025-11-05 22:44:22.000000',21,'59BH0521','ACTIVE','2025-11-05 22:44:22.000000',0x4C6C96A7BA5E11F0B98D00FF6B0014AE),(0x4C6FB847BA5E11F0B98D00FF6B0014AE,'2025-11-05 22:44:22.000000',22,'59BH0522','ACTIVE','2025-11-05 22:44:22.000000',0x4C6C96A7BA5E11F0B98D00FF6B0014AE),(0x4C6FD86EBA5E11F0B98D00FF6B0014AE,'2025-11-05 22:44:22.000000',23,'59BH0523','ACTIVE','2025-11-05 22:44:22.000000',0x4C6C96A7BA5E11F0B98D00FF6B0014AE),(0x4C6FFB5FBA5E11F0B98D00FF6B0014AE,'2025-11-05 22:44:22.000000',24,'59BH0524','ACTIVE','2025-11-05 22:44:22.000000',0x4C6C96A7BA5E11F0B98D00FF6B0014AE),(0x4C701DCABA5E11F0B98D00FF6B0014AE,'2025-11-05 22:44:22.000000',25,'59BH0525','ACTIVE','2025-11-05 22:44:22.000000',0x4C6C96A7BA5E11F0B98D00FF6B0014AE),(0x4C704395BA5E11F0B98D00FF6B0014AE,'2025-11-05 22:44:22.000000',26,'59BH0526','ACTIVE','2025-11-05 22:44:22.000000',0x4C6C96A7BA5E11F0B98D00FF6B0014AE),(0x4C70678FBA5E11F0B98D00FF6B0014AE,'2025-11-05 22:44:22.000000',27,'59BH0527','ACTIVE','2025-11-05 22:44:22.000000',0x4C6C96A7BA5E11F0B98D00FF6B0014AE),(0x4C7090D5BA5E11F0B98D00FF6B0014AE,'2025-11-05 22:44:22.000000',28,'59BH0528','ACTIVE','2025-11-05 22:44:22.000000',0x4C6C96A7BA5E11F0B98D00FF6B0014AE),(0x4C70BC5CBA5E11F0B98D00FF6B0014AE,'2025-11-05 22:44:22.000000',29,'59BH0529','ACTIVE','2025-11-05 22:44:22.000000',0x4C6C96A7BA5E11F0B98D00FF6B0014AE),(0x4C70DFE5BA5E11F0B98D00FF6B0014AE,'2025-11-05 22:44:22.000000',30,'59BH0530','ACTIVE','2025-11-05 22:44:22.000000',0x4C6C96A7BA5E11F0B98D00FF6B0014AE),(0x4C710312BA5E11F0B98D00FF6B0014AE,'2025-11-05 22:44:22.000000',31,'59BH0531','ACTIVE','2025-11-05 22:44:22.000000',0x4C6C96A7BA5E11F0B98D00FF6B0014AE),(0x4C71266FBA5E11F0B98D00FF6B0014AE,'2025-11-05 22:44:22.000000',32,'59BH0532','ACTIVE','2025-11-05 22:44:22.000000',0x4C6C96A7BA5E11F0B98D00FF6B0014AE),(0x4C714673BA5E11F0B98D00FF6B0014AE,'2025-11-05 22:44:22.000000',33,'59BH0533','ACTIVE','2025-11-05 22:44:22.000000',0x4C6C96A7BA5E11F0B98D00FF6B0014AE),(0x4C716A62BA5E11F0B98D00FF6B0014AE,'2025-11-05 22:44:22.000000',34,'59BH0534','ACTIVE','2025-11-05 22:44:22.000000',0x4C6C96A7BA5E11F0B98D00FF6B0014AE),(0x4C7195ACBA5E11F0B98D00FF6B0014AE,'2025-11-05 22:44:22.000000',35,'59BH0535','ACTIVE','2025-11-05 22:44:22.000000',0x4C6C96A7BA5E11F0B98D00FF6B0014AE),(0x4C71BAF2BA5E11F0B98D00FF6B0014AE,'2025-11-05 22:44:22.000000',36,'59BH0536','ACTIVE','2025-11-05 22:44:22.000000',0x4C6C96A7BA5E11F0B98D00FF6B0014AE),(0x4C71DF11BA5E11F0B98D00FF6B0014AE,'2025-11-05 22:44:22.000000',37,'59BH0537','ACTIVE','2025-11-05 22:44:22.000000',0x4C6C96A7BA5E11F0B98D00FF6B0014AE),(0x4C71FFA0BA5E11F0B98D00FF6B0014AE,'2025-11-05 22:44:22.000000',38,'59BH0538','ACTIVE','2025-11-05 22:44:22.000000',0x4C6C96A7BA5E11F0B98D00FF6B0014AE),(0x4C7227B6BA5E11F0B98D00FF6B0014AE,'2025-11-05 22:44:22.000000',39,'59BH0539','ACTIVE','2025-11-05 22:44:22.000000',0x4C6C96A7BA5E11F0B98D00FF6B0014AE),(0x4C724C7ABA5E11F0B98D00FF6B0014AE,'2025-11-05 22:44:22.000000',40,'59BH0540','ACTIVE','2025-11-05 22:44:22.000000',0x4C6C96A7BA5E11F0B98D00FF6B0014AE),(0x4C72946FBA5E11F0B98D00FF6B0014AE,'2025-11-05 22:44:22.000000',1,'59BH061','ACTIVE','2025-11-05 22:44:22.000000',0x4C726FCBBA5E11F0B98D00FF6B0014AE),(0x4C72B4B0BA5E11F0B98D00FF6B0014AE,'2025-11-05 22:44:22.000000',2,'59BH062','ACTIVE','2025-11-05 22:44:22.000000',0x4C726FCBBA5E11F0B98D00FF6B0014AE),(0x4C72D78ABA5E11F0B98D00FF6B0014AE,'2025-11-05 22:44:22.000000',3,'59BH063','ACTIVE','2025-11-05 22:44:22.000000',0x4C726FCBBA5E11F0B98D00FF6B0014AE),(0x4C72FA96BA5E11F0B98D00FF6B0014AE,'2025-11-05 22:44:22.000000',4,'59BH064','ACTIVE','2025-11-05 22:44:22.000000',0x4C726FCBBA5E11F0B98D00FF6B0014AE),(0x4C731F95BA5E11F0B98D00FF6B0014AE,'2025-11-05 22:44:22.000000',5,'59BH065','ACTIVE','2025-11-05 22:44:22.000000',0x4C726FCBBA5E11F0B98D00FF6B0014AE),(0x4C7342E9BA5E11F0B98D00FF6B0014AE,'2025-11-05 22:44:22.000000',6,'59BH066','ACTIVE','2025-11-05 22:44:22.000000',0x4C726FCBBA5E11F0B98D00FF6B0014AE),(0x4C7362E7BA5E11F0B98D00FF6B0014AE,'2025-11-05 22:44:22.000000',7,'59BH067','ACTIVE','2025-11-05 22:44:22.000000',0x4C726FCBBA5E11F0B98D00FF6B0014AE),(0x4C7386A8BA5E11F0B98D00FF6B0014AE,'2025-11-05 22:44:22.000000',8,'59BH068','ACTIVE','2025-11-05 22:44:22.000000',0x4C726FCBBA5E11F0B98D00FF6B0014AE),(0x4C73B3B2BA5E11F0B98D00FF6B0014AE,'2025-11-05 22:44:22.000000',9,'59BH069','ACTIVE','2025-11-05 22:44:22.000000',0x4C726FCBBA5E11F0B98D00FF6B0014AE),(0x4C73D704BA5E11F0B98D00FF6B0014AE,'2025-11-05 22:44:22.000000',10,'59BH0610','ACTIVE','2025-11-05 22:44:22.000000',0x4C726FCBBA5E11F0B98D00FF6B0014AE),(0x4C73FAC0BA5E11F0B98D00FF6B0014AE,'2025-11-05 22:44:22.000000',11,'59BH0611','ACTIVE','2025-11-05 22:44:22.000000',0x4C726FCBBA5E11F0B98D00FF6B0014AE),(0x4C741DB3BA5E11F0B98D00FF6B0014AE,'2025-11-05 22:44:22.000000',12,'59BH0612','ACTIVE','2025-11-05 22:44:22.000000',0x4C726FCBBA5E11F0B98D00FF6B0014AE),(0x4C744461BA5E11F0B98D00FF6B0014AE,'2025-11-05 22:44:22.000000',13,'59BH0613','ACTIVE','2025-11-05 22:44:22.000000',0x4C726FCBBA5E11F0B98D00FF6B0014AE),(0x4C7467F8BA5E11F0B98D00FF6B0014AE,'2025-11-05 22:44:22.000000',14,'59BH0614','ACTIVE','2025-11-05 22:44:22.000000',0x4C726FCBBA5E11F0B98D00FF6B0014AE),(0x4C748B8BBA5E11F0B98D00FF6B0014AE,'2025-11-05 22:44:22.000000',15,'59BH0615','ACTIVE','2025-11-05 22:44:22.000000',0x4C726FCBBA5E11F0B98D00FF6B0014AE),(0x4C74B2CABA5E11F0B98D00FF6B0014AE,'2025-11-05 22:44:22.000000',16,'59BH0616','ACTIVE','2025-11-05 22:44:22.000000',0x4C726FCBBA5E11F0B98D00FF6B0014AE),(0x4C74DC51BA5E11F0B98D00FF6B0014AE,'2025-11-05 22:44:22.000000',17,'59BH0617','ACTIVE','2025-11-05 22:44:22.000000',0x4C726FCBBA5E11F0B98D00FF6B0014AE),(0x4C750019BA5E11F0B98D00FF6B0014AE,'2025-11-05 22:44:22.000000',18,'59BH0618','ACTIVE','2025-11-05 22:44:22.000000',0x4C726FCBBA5E11F0B98D00FF6B0014AE),(0x4C75236FBA5E11F0B98D00FF6B0014AE,'2025-11-05 22:44:22.000000',19,'59BH0619','ACTIVE','2025-11-05 22:44:22.000000',0x4C726FCBBA5E11F0B98D00FF6B0014AE),(0x4C7548AEBA5E11F0B98D00FF6B0014AE,'2025-11-05 22:44:22.000000',20,'59BH0620','ACTIVE','2025-11-05 22:44:22.000000',0x4C726FCBBA5E11F0B98D00FF6B0014AE),(0x4C756CECBA5E11F0B98D00FF6B0014AE,'2025-11-05 22:44:22.000000',21,'59BH0621','ACTIVE','2025-11-05 22:44:22.000000',0x4C726FCBBA5E11F0B98D00FF6B0014AE),(0x4C758D46BA5E11F0B98D00FF6B0014AE,'2025-11-05 22:44:22.000000',22,'59BH0622','ACTIVE','2025-11-05 22:44:22.000000',0x4C726FCBBA5E11F0B98D00FF6B0014AE),(0x4C75B150BA5E11F0B98D00FF6B0014AE,'2025-11-05 22:44:22.000000',23,'59BH0623','ACTIVE','2025-11-05 22:44:22.000000',0x4C726FCBBA5E11F0B98D00FF6B0014AE),(0x4C75D662BA5E11F0B98D00FF6B0014AE,'2025-11-05 22:44:22.000000',24,'59BH0624','ACTIVE','2025-11-05 22:44:22.000000',0x4C726FCBBA5E11F0B98D00FF6B0014AE),(0x4C75F9D5BA5E11F0B98D00FF6B0014AE,'2025-11-05 22:44:22.000000',25,'59BH0625','ACTIVE','2025-11-05 22:44:22.000000',0x4C726FCBBA5E11F0B98D00FF6B0014AE),(0x4C761C7ABA5E11F0B98D00FF6B0014AE,'2025-11-05 22:44:22.000000',26,'59BH0626','ACTIVE','2025-11-05 22:44:22.000000',0x4C726FCBBA5E11F0B98D00FF6B0014AE),(0x4C763C5CBA5E11F0B98D00FF6B0014AE,'2025-11-05 22:44:22.000000',27,'59BH0627','ACTIVE','2025-11-05 22:44:22.000000',0x4C726FCBBA5E11F0B98D00FF6B0014AE),(0x4C765F10BA5E11F0B98D00FF6B0014AE,'2025-11-05 22:44:22.000000',28,'59BH0628','ACTIVE','2025-11-05 22:44:22.000000',0x4C726FCBBA5E11F0B98D00FF6B0014AE),(0x4C76835ABA5E11F0B98D00FF6B0014AE,'2025-11-05 22:44:22.000000',29,'59BH0629','ACTIVE','2025-11-05 22:44:22.000000',0x4C726FCBBA5E11F0B98D00FF6B0014AE),(0x4C76AD64BA5E11F0B98D00FF6B0014AE,'2025-11-05 22:44:22.000000',30,'59BH0630','ACTIVE','2025-11-05 22:44:22.000000',0x4C726FCBBA5E11F0B98D00FF6B0014AE),(0x4C76D20DBA5E11F0B98D00FF6B0014AE,'2025-11-05 22:44:22.000000',31,'59BH0631','ACTIVE','2025-11-05 22:44:22.000000',0x4C726FCBBA5E11F0B98D00FF6B0014AE),(0x4C76F244BA5E11F0B98D00FF6B0014AE,'2025-11-05 22:44:22.000000',32,'59BH0632','ACTIVE','2025-11-05 22:44:22.000000',0x4C726FCBBA5E11F0B98D00FF6B0014AE),(0x4C77156CBA5E11F0B98D00FF6B0014AE,'2025-11-05 22:44:22.000000',33,'59BH0633','ACTIVE','2025-11-05 22:44:22.000000',0x4C726FCBBA5E11F0B98D00FF6B0014AE),(0x4C77388EBA5E11F0B98D00FF6B0014AE,'2025-11-05 22:44:22.000000',34,'59BH0634','ACTIVE','2025-11-05 22:44:22.000000',0x4C726FCBBA5E11F0B98D00FF6B0014AE),(0x4C775C68BA5E11F0B98D00FF6B0014AE,'2025-11-05 22:44:22.000000',35,'59BH0635','ACTIVE','2025-11-05 22:44:22.000000',0x4C726FCBBA5E11F0B98D00FF6B0014AE),(0x4C777FE1BA5E11F0B98D00FF6B0014AE,'2025-11-05 22:44:22.000000',36,'59BH0636','ACTIVE','2025-11-05 22:44:22.000000',0x4C726FCBBA5E11F0B98D00FF6B0014AE),(0x4C77A033BA5E11F0B98D00FF6B0014AE,'2025-11-05 22:44:22.000000',37,'59BH0637','ACTIVE','2025-11-05 22:44:22.000000',0x4C726FCBBA5E11F0B98D00FF6B0014AE),(0x4C77C449BA5E11F0B98D00FF6B0014AE,'2025-11-05 22:44:22.000000',38,'59BH0638','ACTIVE','2025-11-05 22:44:22.000000',0x4C726FCBBA5E11F0B98D00FF6B0014AE),(0x4C77E881BA5E11F0B98D00FF6B0014AE,'2025-11-05 22:44:22.000000',39,'59BH0639','ACTIVE','2025-11-05 22:44:22.000000',0x4C726FCBBA5E11F0B98D00FF6B0014AE),(0x4C780C29BA5E11F0B98D00FF6B0014AE,'2025-11-05 22:44:22.000000',40,'59BH0640','ACTIVE','2025-11-05 22:44:22.000000',0x4C726FCBBA5E11F0B98D00FF6B0014AE),(0x4C78505ABA5E11F0B98D00FF6B0014AE,'2025-11-05 22:44:22.000000',1,'59BH071','ACTIVE','2025-11-05 22:44:22.000000',0x4C782F93BA5E11F0B98D00FF6B0014AE),(0x4C787330BA5E11F0B98D00FF6B0014AE,'2025-11-05 22:44:22.000000',2,'59BH072','ACTIVE','2025-11-05 22:44:22.000000',0x4C782F93BA5E11F0B98D00FF6B0014AE),(0x4C789AC7BA5E11F0B98D00FF6B0014AE,'2025-11-05 22:44:22.000000',3,'59BH073','ACTIVE','2025-11-05 22:44:22.000000',0x4C782F93BA5E11F0B98D00FF6B0014AE),(0x4C78BF0FBA5E11F0B98D00FF6B0014AE,'2025-11-05 22:44:22.000000',4,'59BH074','ACTIVE','2025-11-05 22:44:22.000000',0x4C782F93BA5E11F0B98D00FF6B0014AE),(0x4C78E461BA5E11F0B98D00FF6B0014AE,'2025-11-05 22:44:22.000000',5,'59BH075','ACTIVE','2025-11-05 22:44:22.000000',0x4C782F93BA5E11F0B98D00FF6B0014AE),(0x4C792B28BA5E11F0B98D00FF6B0014AE,'2025-11-05 22:44:22.000000',6,'59BH076','ACTIVE','2025-11-05 22:44:22.000000',0x4C782F93BA5E11F0B98D00FF6B0014AE),(0x4C795955BA5E11F0B98D00FF6B0014AE,'2025-11-05 22:44:22.000000',7,'59BH077','ACTIVE','2025-11-05 22:44:22.000000',0x4C782F93BA5E11F0B98D00FF6B0014AE),(0x4C797E43BA5E11F0B98D00FF6B0014AE,'2025-11-05 22:44:22.000000',8,'59BH078','ACTIVE','2025-11-05 22:44:22.000000',0x4C782F93BA5E11F0B98D00FF6B0014AE),(0x4C79A232BA5E11F0B98D00FF6B0014AE,'2025-11-05 22:44:22.000000',9,'59BH079','ACTIVE','2025-11-05 22:44:22.000000',0x4C782F93BA5E11F0B98D00FF6B0014AE),(0x4C79C62DBA5E11F0B98D00FF6B0014AE,'2025-11-05 22:44:22.000000',10,'59BH0710','ACTIVE','2025-11-05 22:44:22.000000',0x4C782F93BA5E11F0B98D00FF6B0014AE),(0x4C79E7A2BA5E11F0B98D00FF6B0014AE,'2025-11-05 22:44:22.000000',11,'59BH0711','ACTIVE','2025-11-05 22:44:22.000000',0x4C782F93BA5E11F0B98D00FF6B0014AE),(0x4C7A0BE5BA5E11F0B98D00FF6B0014AE,'2025-11-05 22:44:22.000000',12,'59BH0712','ACTIVE','2025-11-05 22:44:22.000000',0x4C782F93BA5E11F0B98D00FF6B0014AE),(0x4C7A2F22BA5E11F0B98D00FF6B0014AE,'2025-11-05 22:44:22.000000',13,'59BH0713','ACTIVE','2025-11-05 22:44:22.000000',0x4C782F93BA5E11F0B98D00FF6B0014AE),(0x4C7A5225BA5E11F0B98D00FF6B0014AE,'2025-11-05 22:44:22.000000',14,'59BH0714','ACTIVE','2025-11-05 22:44:22.000000',0x4C782F93BA5E11F0B98D00FF6B0014AE),(0x4C7A74DABA5E11F0B98D00FF6B0014AE,'2025-11-05 22:44:22.000000',15,'59BH0715','ACTIVE','2025-11-05 22:44:22.000000',0x4C782F93BA5E11F0B98D00FF6B0014AE),(0x4C7A945CBA5E11F0B98D00FF6B0014AE,'2025-11-05 22:44:22.000000',16,'59BH0716','ACTIVE','2025-11-05 22:44:22.000000',0x4C782F93BA5E11F0B98D00FF6B0014AE),(0x4C7AB6E1BA5E11F0B98D00FF6B0014AE,'2025-11-05 22:44:22.000000',17,'59BH0717','ACTIVE','2025-11-05 22:44:22.000000',0x4C782F93BA5E11F0B98D00FF6B0014AE),(0x4C7AD95ABA5E11F0B98D00FF6B0014AE,'2025-11-05 22:44:22.000000',18,'59BH0718','ACTIVE','2025-11-05 22:44:22.000000',0x4C782F93BA5E11F0B98D00FF6B0014AE),(0x4C7AFC30BA5E11F0B98D00FF6B0014AE,'2025-11-05 22:44:22.000000',19,'59BH0719','ACTIVE','2025-11-05 22:44:22.000000',0x4C782F93BA5E11F0B98D00FF6B0014AE),(0x4C7B203EBA5E11F0B98D00FF6B0014AE,'2025-11-05 22:44:22.000000',20,'59BH0720','ACTIVE','2025-11-05 22:44:22.000000',0x4C782F93BA5E11F0B98D00FF6B0014AE),(0x4C7B40F1BA5E11F0B98D00FF6B0014AE,'2025-11-05 22:44:22.000000',21,'59BH0721','ACTIVE','2025-11-05 22:44:22.000000',0x4C782F93BA5E11F0B98D00FF6B0014AE),(0x4C7B6790BA5E11F0B98D00FF6B0014AE,'2025-11-05 22:44:22.000000',22,'59BH0722','ACTIVE','2025-11-05 22:44:22.000000',0x4C782F93BA5E11F0B98D00FF6B0014AE),(0x4C7B8C27BA5E11F0B98D00FF6B0014AE,'2025-11-05 22:44:22.000000',23,'59BH0723','ACTIVE','2025-11-05 22:44:22.000000',0x4C782F93BA5E11F0B98D00FF6B0014AE),(0x4C7BB000BA5E11F0B98D00FF6B0014AE,'2025-11-05 22:44:22.000000',24,'59BH0724','ACTIVE','2025-11-05 22:44:22.000000',0x4C782F93BA5E11F0B98D00FF6B0014AE),(0x4C7BD336BA5E11F0B98D00FF6B0014AE,'2025-11-05 22:44:22.000000',25,'59BH0725','ACTIVE','2025-11-05 22:44:22.000000',0x4C782F93BA5E11F0B98D00FF6B0014AE),(0x4C7BF36FBA5E11F0B98D00FF6B0014AE,'2025-11-05 22:44:22.000000',26,'59BH0726','ACTIVE','2025-11-05 22:44:22.000000',0x4C782F93BA5E11F0B98D00FF6B0014AE),(0x4C7C1787BA5E11F0B98D00FF6B0014AE,'2025-11-05 22:44:22.000000',27,'59BH0727','ACTIVE','2025-11-05 22:44:22.000000',0x4C782F93BA5E11F0B98D00FF6B0014AE),(0x4C7C3AE3BA5E11F0B98D00FF6B0014AE,'2025-11-05 22:44:22.000000',28,'59BH0728','ACTIVE','2025-11-05 22:44:22.000000',0x4C782F93BA5E11F0B98D00FF6B0014AE),(0x4C7C5E68BA5E11F0B98D00FF6B0014AE,'2025-11-05 22:44:22.000000',29,'59BH0729','ACTIVE','2025-11-05 22:44:22.000000',0x4C782F93BA5E11F0B98D00FF6B0014AE),(0x4C7C819ABA5E11F0B98D00FF6B0014AE,'2025-11-05 22:44:22.000000',30,'59BH0730','ACTIVE','2025-11-05 22:44:22.000000',0x4C782F93BA5E11F0B98D00FF6B0014AE),(0x4C7CA1F8BA5E11F0B98D00FF6B0014AE,'2025-11-05 22:44:22.000000',31,'59BH0731','ACTIVE','2025-11-05 22:44:22.000000',0x4C782F93BA5E11F0B98D00FF6B0014AE),(0x4C7CC4C9BA5E11F0B98D00FF6B0014AE,'2025-11-05 22:44:22.000000',32,'59BH0732','ACTIVE','2025-11-05 22:44:22.000000',0x4C782F93BA5E11F0B98D00FF6B0014AE),(0x4C7CE759BA5E11F0B98D00FF6B0014AE,'2025-11-05 22:44:22.000000',33,'59BH0733','ACTIVE','2025-11-05 22:44:22.000000',0x4C782F93BA5E11F0B98D00FF6B0014AE),(0x4C7D0A34BA5E11F0B98D00FF6B0014AE,'2025-11-05 22:44:22.000000',34,'59BH0734','ACTIVE','2025-11-05 22:44:22.000000',0x4C782F93BA5E11F0B98D00FF6B0014AE),(0x4C7D33F3BA5E11F0B98D00FF6B0014AE,'2025-11-05 22:44:22.000000',35,'59BH0735','ACTIVE','2025-11-05 22:44:22.000000',0x4C782F93BA5E11F0B98D00FF6B0014AE),(0x4C7D5666BA5E11F0B98D00FF6B0014AE,'2025-11-05 22:44:22.000000',36,'59BH0736','ACTIVE','2025-11-05 22:44:22.000000',0x4C782F93BA5E11F0B98D00FF6B0014AE),(0x4C7D79A9BA5E11F0B98D00FF6B0014AE,'2025-11-05 22:44:22.000000',37,'59BH0737','ACTIVE','2025-11-05 22:44:22.000000',0x4C782F93BA5E11F0B98D00FF6B0014AE),(0x4C7D9C4DBA5E11F0B98D00FF6B0014AE,'2025-11-05 22:44:22.000000',38,'59BH0738','ACTIVE','2025-11-05 22:44:22.000000',0x4C782F93BA5E11F0B98D00FF6B0014AE),(0x4C7DC324BA5E11F0B98D00FF6B0014AE,'2025-11-05 22:44:22.000000',39,'59BH0739','ACTIVE','2025-11-05 22:44:22.000000',0x4C782F93BA5E11F0B98D00FF6B0014AE),(0x4C7DF425BA5E11F0B98D00FF6B0014AE,'2025-11-05 22:44:22.000000',40,'59BH0740','ACTIVE','2025-11-05 22:44:22.000000',0x4C782F93BA5E11F0B98D00FF6B0014AE),(0x4C7E3E91BA5E11F0B98D00FF6B0014AE,'2025-11-05 22:44:22.000000',1,'59BH081','ACTIVE','2025-11-05 22:44:22.000000',0x4C7E16FEBA5E11F0B98D00FF6B0014AE),(0x4C7E64D8BA5E11F0B98D00FF6B0014AE,'2025-11-05 22:44:22.000000',2,'59BH082','ACTIVE','2025-11-05 22:44:22.000000',0x4C7E16FEBA5E11F0B98D00FF6B0014AE),(0x4C7E8D2DBA5E11F0B98D00FF6B0014AE,'2025-11-05 22:44:22.000000',3,'59BH083','ACTIVE','2025-11-05 22:44:22.000000',0x4C7E16FEBA5E11F0B98D00FF6B0014AE),(0x4C7EB08CBA5E11F0B98D00FF6B0014AE,'2025-11-05 22:44:22.000000',4,'59BH084','ACTIVE','2025-11-05 22:44:22.000000',0x4C7E16FEBA5E11F0B98D00FF6B0014AE),(0x4C7ED39BBA5E11F0B98D00FF6B0014AE,'2025-11-05 22:44:22.000000',5,'59BH085','ACTIVE','2025-11-05 22:44:22.000000',0x4C7E16FEBA5E11F0B98D00FF6B0014AE),(0x4C7EF6BCBA5E11F0B98D00FF6B0014AE,'2025-11-05 22:44:22.000000',6,'59BH086','ACTIVE','2025-11-05 22:44:22.000000',0x4C7E16FEBA5E11F0B98D00FF6B0014AE),(0x4C7F1752BA5E11F0B98D00FF6B0014AE,'2025-11-05 22:44:22.000000',7,'59BH087','ACTIVE','2025-11-05 22:44:22.000000',0x4C7E16FEBA5E11F0B98D00FF6B0014AE),(0x4C7F3AA3BA5E11F0B98D00FF6B0014AE,'2025-11-05 22:44:22.000000',8,'59BH088','ACTIVE','2025-11-05 22:44:22.000000',0x4C7E16FEBA5E11F0B98D00FF6B0014AE),(0x4C7F6005BA5E11F0B98D00FF6B0014AE,'2025-11-05 22:44:22.000000',9,'59BH089','ACTIVE','2025-11-05 22:44:22.000000',0x4C7E16FEBA5E11F0B98D00FF6B0014AE),(0x4C7F8904BA5E11F0B98D00FF6B0014AE,'2025-11-05 22:44:22.000000',10,'59BH0810','ACTIVE','2025-11-05 22:44:22.000000',0x4C7E16FEBA5E11F0B98D00FF6B0014AE),(0x4C7FAD5FBA5E11F0B98D00FF6B0014AE,'2025-11-05 22:44:22.000000',11,'59BH0811','ACTIVE','2025-11-05 22:44:22.000000',0x4C7E16FEBA5E11F0B98D00FF6B0014AE),(0x4C7FCE4DBA5E11F0B98D00FF6B0014AE,'2025-11-05 22:44:22.000000',12,'59BH0812','ACTIVE','2025-11-05 22:44:22.000000',0x4C7E16FEBA5E11F0B98D00FF6B0014AE),(0x4C7FF23EBA5E11F0B98D00FF6B0014AE,'2025-11-05 22:44:22.000000',13,'59BH0813','ACTIVE','2025-11-05 22:44:22.000000',0x4C7E16FEBA5E11F0B98D00FF6B0014AE),(0x4C801F08BA5E11F0B98D00FF6B0014AE,'2025-11-05 22:44:22.000000',14,'59BH0814','ACTIVE','2025-11-05 22:44:22.000000',0x4C7E16FEBA5E11F0B98D00FF6B0014AE),(0x4C804808BA5E11F0B98D00FF6B0014AE,'2025-11-05 22:44:22.000000',15,'59BH0815','ACTIVE','2025-11-05 22:44:22.000000',0x4C7E16FEBA5E11F0B98D00FF6B0014AE),(0x4C8078B5BA5E11F0B98D00FF6B0014AE,'2025-11-05 22:44:22.000000',16,'59BH0816','ACTIVE','2025-11-05 22:44:22.000000',0x4C7E16FEBA5E11F0B98D00FF6B0014AE),(0x4C809A50BA5E11F0B98D00FF6B0014AE,'2025-11-05 22:44:22.000000',17,'59BH0817','ACTIVE','2025-11-05 22:44:22.000000',0x4C7E16FEBA5E11F0B98D00FF6B0014AE),(0x4C80C68CBA5E11F0B98D00FF6B0014AE,'2025-11-05 22:44:22.000000',18,'59BH0818','ACTIVE','2025-11-05 22:44:22.000000',0x4C7E16FEBA5E11F0B98D00FF6B0014AE),(0x4C80EAF9BA5E11F0B98D00FF6B0014AE,'2025-11-05 22:44:22.000000',19,'59BH0819','ACTIVE','2025-11-05 22:44:22.000000',0x4C7E16FEBA5E11F0B98D00FF6B0014AE),(0x4C810EFFBA5E11F0B98D00FF6B0014AE,'2025-11-05 22:44:22.000000',20,'59BH0820','ACTIVE','2025-11-05 22:44:22.000000',0x4C7E16FEBA5E11F0B98D00FF6B0014AE),(0x4C81324DBA5E11F0B98D00FF6B0014AE,'2025-11-05 22:44:22.000000',21,'59BH0821','ACTIVE','2025-11-05 22:44:22.000000',0x4C7E16FEBA5E11F0B98D00FF6B0014AE),(0x4C81557FBA5E11F0B98D00FF6B0014AE,'2025-11-05 22:44:22.000000',22,'59BH0822','ACTIVE','2025-11-05 22:44:22.000000',0x4C7E16FEBA5E11F0B98D00FF6B0014AE),(0x4C817983BA5E11F0B98D00FF6B0014AE,'2025-11-05 22:44:22.000000',23,'59BH0823','ACTIVE','2025-11-05 22:44:22.000000',0x4C7E16FEBA5E11F0B98D00FF6B0014AE),(0x4C819C50BA5E11F0B98D00FF6B0014AE,'2025-11-05 22:44:22.000000',24,'59BH0824','ACTIVE','2025-11-05 22:44:22.000000',0x4C7E16FEBA5E11F0B98D00FF6B0014AE),(0x4C81BF46BA5E11F0B98D00FF6B0014AE,'2025-11-05 22:44:22.000000',25,'59BH0825','ACTIVE','2025-11-05 22:44:22.000000',0x4C7E16FEBA5E11F0B98D00FF6B0014AE),(0x4C81EBD1BA5E11F0B98D00FF6B0014AE,'2025-11-05 22:44:22.000000',26,'59BH0826','ACTIVE','2025-11-05 22:44:22.000000',0x4C7E16FEBA5E11F0B98D00FF6B0014AE),(0x4C820CCDBA5E11F0B98D00FF6B0014AE,'2025-11-05 22:44:22.000000',27,'59BH0827','ACTIVE','2025-11-05 22:44:22.000000',0x4C7E16FEBA5E11F0B98D00FF6B0014AE),(0x4C823008BA5E11F0B98D00FF6B0014AE,'2025-11-05 22:44:22.000000',28,'59BH0828','ACTIVE','2025-11-05 22:44:22.000000',0x4C7E16FEBA5E11F0B98D00FF6B0014AE),(0x4C8253DDBA5E11F0B98D00FF6B0014AE,'2025-11-05 22:44:22.000000',29,'59BH0829','ACTIVE','2025-11-05 22:44:22.000000',0x4C7E16FEBA5E11F0B98D00FF6B0014AE),(0x4C8277F3BA5E11F0B98D00FF6B0014AE,'2025-11-05 22:44:22.000000',30,'59BH0830','ACTIVE','2025-11-05 22:44:22.000000',0x4C7E16FEBA5E11F0B98D00FF6B0014AE),(0x4C82A1D6BA5E11F0B98D00FF6B0014AE,'2025-11-05 22:44:22.000000',31,'59BH0831','ACTIVE','2025-11-05 22:44:22.000000',0x4C7E16FEBA5E11F0B98D00FF6B0014AE),(0x4C82C875BA5E11F0B98D00FF6B0014AE,'2025-11-05 22:44:22.000000',32,'59BH0832','ACTIVE','2025-11-05 22:44:22.000000',0x4C7E16FEBA5E11F0B98D00FF6B0014AE),(0x4C82EF6ABA5E11F0B98D00FF6B0014AE,'2025-11-05 22:44:22.000000',33,'59BH0833','ACTIVE','2025-11-05 22:44:22.000000',0x4C7E16FEBA5E11F0B98D00FF6B0014AE),(0x4C83186EBA5E11F0B98D00FF6B0014AE,'2025-11-05 22:44:22.000000',34,'59BH0834','ACTIVE','2025-11-05 22:44:22.000000',0x4C7E16FEBA5E11F0B98D00FF6B0014AE),(0x4C833C6BBA5E11F0B98D00FF6B0014AE,'2025-11-05 22:44:22.000000',35,'59BH0835','ACTIVE','2025-11-05 22:44:22.000000',0x4C7E16FEBA5E11F0B98D00FF6B0014AE),(0x4C836108BA5E11F0B98D00FF6B0014AE,'2025-11-05 22:44:22.000000',36,'59BH0836','ACTIVE','2025-11-05 22:44:22.000000',0x4C7E16FEBA5E11F0B98D00FF6B0014AE),(0x4C83834BBA5E11F0B98D00FF6B0014AE,'2025-11-05 22:44:22.000000',37,'59BH0837','ACTIVE','2025-11-05 22:44:22.000000',0x4C7E16FEBA5E11F0B98D00FF6B0014AE),(0x4C83A786BA5E11F0B98D00FF6B0014AE,'2025-11-05 22:44:22.000000',38,'59BH0838','ACTIVE','2025-11-05 22:44:22.000000',0x4C7E16FEBA5E11F0B98D00FF6B0014AE),(0x4C83CD98BA5E11F0B98D00FF6B0014AE,'2025-11-05 22:44:22.000000',39,'59BH0839','ACTIVE','2025-11-05 22:44:22.000000',0x4C7E16FEBA5E11F0B98D00FF6B0014AE),(0x4C83F0D7BA5E11F0B98D00FF6B0014AE,'2025-11-05 22:44:22.000000',40,'59BH0840','ACTIVE','2025-11-05 22:44:22.000000',0x4C7E16FEBA5E11F0B98D00FF6B0014AE),(0x4C843685BA5E11F0B98D00FF6B0014AE,'2025-11-05 22:44:22.000000',1,'59BH091','ACTIVE','2025-11-05 22:44:22.000000',0x4C8411DDBA5E11F0B98D00FF6B0014AE),(0x4C8463A9BA5E11F0B98D00FF6B0014AE,'2025-11-05 22:44:22.000000',2,'59BH092','ACTIVE','2025-11-05 22:44:22.000000',0x4C8411DDBA5E11F0B98D00FF6B0014AE),(0x4C8488FABA5E11F0B98D00FF6B0014AE,'2025-11-05 22:44:22.000000',3,'59BH093','ACTIVE','2025-11-05 22:44:22.000000',0x4C8411DDBA5E11F0B98D00FF6B0014AE),(0x4C84AD92BA5E11F0B98D00FF6B0014AE,'2025-11-05 22:44:22.000000',4,'59BH094','ACTIVE','2025-11-05 22:44:22.000000',0x4C8411DDBA5E11F0B98D00FF6B0014AE),(0x4C84D1F6BA5E11F0B98D00FF6B0014AE,'2025-11-05 22:44:22.000000',5,'59BH095','ACTIVE','2025-11-05 22:44:22.000000',0x4C8411DDBA5E11F0B98D00FF6B0014AE),(0x4C84F623BA5E11F0B98D00FF6B0014AE,'2025-11-05 22:44:22.000000',6,'59BH096','ACTIVE','2025-11-05 22:44:22.000000',0x4C8411DDBA5E11F0B98D00FF6B0014AE),(0x4C852491BA5E11F0B98D00FF6B0014AE,'2025-11-05 22:44:22.000000',7,'59BH097','ACTIVE','2025-11-05 22:44:22.000000',0x4C8411DDBA5E11F0B98D00FF6B0014AE),(0x4C854898BA5E11F0B98D00FF6B0014AE,'2025-11-05 22:44:22.000000',8,'59BH098','ACTIVE','2025-11-05 22:44:22.000000',0x4C8411DDBA5E11F0B98D00FF6B0014AE),(0x4C856BB8BA5E11F0B98D00FF6B0014AE,'2025-11-05 22:44:22.000000',9,'59BH099','ACTIVE','2025-11-05 22:44:22.000000',0x4C8411DDBA5E11F0B98D00FF6B0014AE),(0x4C858FC6BA5E11F0B98D00FF6B0014AE,'2025-11-05 22:44:22.000000',10,'59BH0910','ACTIVE','2025-11-05 22:44:22.000000',0x4C8411DDBA5E11F0B98D00FF6B0014AE),(0x4C85B0F6BA5E11F0B98D00FF6B0014AE,'2025-11-05 22:44:22.000000',11,'59BH0911','ACTIVE','2025-11-05 22:44:22.000000',0x4C8411DDBA5E11F0B98D00FF6B0014AE),(0x4C85D45BBA5E11F0B98D00FF6B0014AE,'2025-11-05 22:44:22.000000',12,'59BH0912','ACTIVE','2025-11-05 22:44:22.000000',0x4C8411DDBA5E11F0B98D00FF6B0014AE),(0x4C85F6FFBA5E11F0B98D00FF6B0014AE,'2025-11-05 22:44:22.000000',13,'59BH0913','ACTIVE','2025-11-05 22:44:22.000000',0x4C8411DDBA5E11F0B98D00FF6B0014AE),(0x4C8619B6BA5E11F0B98D00FF6B0014AE,'2025-11-05 22:44:22.000000',14,'59BH0914','ACTIVE','2025-11-05 22:44:22.000000',0x4C8411DDBA5E11F0B98D00FF6B0014AE),(0x4C863BF8BA5E11F0B98D00FF6B0014AE,'2025-11-05 22:44:22.000000',15,'59BH0915','ACTIVE','2025-11-05 22:44:22.000000',0x4C8411DDBA5E11F0B98D00FF6B0014AE),(0x4C865BCEBA5E11F0B98D00FF6B0014AE,'2025-11-05 22:44:22.000000',16,'59BH0916','ACTIVE','2025-11-05 22:44:22.000000',0x4C8411DDBA5E11F0B98D00FF6B0014AE),(0x4C867EC1BA5E11F0B98D00FF6B0014AE,'2025-11-05 22:44:22.000000',17,'59BH0917','ACTIVE','2025-11-05 22:44:22.000000',0x4C8411DDBA5E11F0B98D00FF6B0014AE),(0x4C86A259BA5E11F0B98D00FF6B0014AE,'2025-11-05 22:44:22.000000',18,'59BH0918','ACTIVE','2025-11-05 22:44:22.000000',0x4C8411DDBA5E11F0B98D00FF6B0014AE),(0x4C86C5B1BA5E11F0B98D00FF6B0014AE,'2025-11-05 22:44:22.000000',19,'59BH0919','ACTIVE','2025-11-05 22:44:22.000000',0x4C8411DDBA5E11F0B98D00FF6B0014AE),(0x4C86E850BA5E11F0B98D00FF6B0014AE,'2025-11-05 22:44:22.000000',20,'59BH0920','ACTIVE','2025-11-05 22:44:22.000000',0x4C8411DDBA5E11F0B98D00FF6B0014AE),(0x4C870884BA5E11F0B98D00FF6B0014AE,'2025-11-05 22:44:22.000000',21,'59BH0921','ACTIVE','2025-11-05 22:44:22.000000',0x4C8411DDBA5E11F0B98D00FF6B0014AE),(0x4C872B61BA5E11F0B98D00FF6B0014AE,'2025-11-05 22:44:22.000000',22,'59BH0922','ACTIVE','2025-11-05 22:44:22.000000',0x4C8411DDBA5E11F0B98D00FF6B0014AE),(0x4C874DD5BA5E11F0B98D00FF6B0014AE,'2025-11-05 22:44:22.000000',23,'59BH0923','ACTIVE','2025-11-05 22:44:22.000000',0x4C8411DDBA5E11F0B98D00FF6B0014AE),(0x4C8773F3BA5E11F0B98D00FF6B0014AE,'2025-11-05 22:44:22.000000',24,'59BH0924','ACTIVE','2025-11-05 22:44:22.000000',0x4C8411DDBA5E11F0B98D00FF6B0014AE),(0x4C879B41BA5E11F0B98D00FF6B0014AE,'2025-11-05 22:44:22.000000',25,'59BH0925','ACTIVE','2025-11-05 22:44:22.000000',0x4C8411DDBA5E11F0B98D00FF6B0014AE),(0x4C87BDEEBA5E11F0B98D00FF6B0014AE,'2025-11-05 22:44:22.000000',26,'59BH0926','ACTIVE','2025-11-05 22:44:22.000000',0x4C8411DDBA5E11F0B98D00FF6B0014AE),(0x4C87E210BA5E11F0B98D00FF6B0014AE,'2025-11-05 22:44:22.000000',27,'59BH0927','ACTIVE','2025-11-05 22:44:22.000000',0x4C8411DDBA5E11F0B98D00FF6B0014AE),(0x4C88064FBA5E11F0B98D00FF6B0014AE,'2025-11-05 22:44:22.000000',28,'59BH0928','ACTIVE','2025-11-05 22:44:22.000000',0x4C8411DDBA5E11F0B98D00FF6B0014AE),(0x4C882939BA5E11F0B98D00FF6B0014AE,'2025-11-05 22:44:22.000000',29,'59BH0929','ACTIVE','2025-11-05 22:44:22.000000',0x4C8411DDBA5E11F0B98D00FF6B0014AE),(0x4C884BC9BA5E11F0B98D00FF6B0014AE,'2025-11-05 22:44:22.000000',30,'59BH0930','ACTIVE','2025-11-05 22:44:22.000000',0x4C8411DDBA5E11F0B98D00FF6B0014AE),(0x4C886B99BA5E11F0B98D00FF6B0014AE,'2025-11-05 22:44:22.000000',31,'59BH0931','ACTIVE','2025-11-05 22:44:22.000000',0x4C8411DDBA5E11F0B98D00FF6B0014AE),(0x4C888DD5BA5E11F0B98D00FF6B0014AE,'2025-11-05 22:44:22.000000',32,'59BH0932','ACTIVE','2025-11-05 22:44:22.000000',0x4C8411DDBA5E11F0B98D00FF6B0014AE),(0x4C88B0B5BA5E11F0B98D00FF6B0014AE,'2025-11-05 22:44:22.000000',33,'59BH0933','ACTIVE','2025-11-05 22:44:22.000000',0x4C8411DDBA5E11F0B98D00FF6B0014AE),(0x4C88D620BA5E11F0B98D00FF6B0014AE,'2025-11-05 22:44:22.000000',34,'59BH0934','ACTIVE','2025-11-05 22:44:22.000000',0x4C8411DDBA5E11F0B98D00FF6B0014AE),(0x4C88FA2FBA5E11F0B98D00FF6B0014AE,'2025-11-05 22:44:22.000000',35,'59BH0935','ACTIVE','2025-11-05 22:44:22.000000',0x4C8411DDBA5E11F0B98D00FF6B0014AE),(0x4C891AADBA5E11F0B98D00FF6B0014AE,'2025-11-05 22:44:22.000000',36,'59BH0936','ACTIVE','2025-11-05 22:44:22.000000',0x4C8411DDBA5E11F0B98D00FF6B0014AE),(0x4C893D80BA5E11F0B98D00FF6B0014AE,'2025-11-05 22:44:22.000000',37,'59BH0937','ACTIVE','2025-11-05 22:44:22.000000',0x4C8411DDBA5E11F0B98D00FF6B0014AE),(0x4C896081BA5E11F0B98D00FF6B0014AE,'2025-11-05 22:44:22.000000',38,'59BH0938','ACTIVE','2025-11-05 22:44:22.000000',0x4C8411DDBA5E11F0B98D00FF6B0014AE),(0x4C8985D3BA5E11F0B98D00FF6B0014AE,'2025-11-05 22:44:22.000000',39,'59BH0939','ACTIVE','2025-11-05 22:44:22.000000',0x4C8411DDBA5E11F0B98D00FF6B0014AE),(0x4C89AAE9BA5E11F0B98D00FF6B0014AE,'2025-11-05 22:44:22.000000',40,'59BH0940','ACTIVE','2025-11-05 22:44:22.000000',0x4C8411DDBA5E11F0B98D00FF6B0014AE),(0x4C89F723BA5E11F0B98D00FF6B0014AE,'2025-11-05 22:44:22.000000',1,'59BH0101','ACTIVE','2025-11-05 22:44:22.000000',0x4C89CD7DBA5E11F0B98D00FF6B0014AE),(0x4C8A1DAABA5E11F0B98D00FF6B0014AE,'2025-11-05 22:44:22.000000',2,'59BH0102','ACTIVE','2025-11-05 22:44:22.000000',0x4C89CD7DBA5E11F0B98D00FF6B0014AE),(0x4C8A4A6ABA5E11F0B98D00FF6B0014AE,'2025-11-05 22:44:22.000000',3,'59BH0103','ACTIVE','2025-11-05 22:44:22.000000',0x4C89CD7DBA5E11F0B98D00FF6B0014AE),(0x4C8A6EF2BA5E11F0B98D00FF6B0014AE,'2025-11-05 22:44:22.000000',4,'59BH0104','ACTIVE','2025-11-05 22:44:22.000000',0x4C89CD7DBA5E11F0B98D00FF6B0014AE),(0x4C8A8F94BA5E11F0B98D00FF6B0014AE,'2025-11-05 22:44:22.000000',5,'59BH0105','ACTIVE','2025-11-05 22:44:22.000000',0x4C89CD7DBA5E11F0B98D00FF6B0014AE),(0x4C8AB2CCBA5E11F0B98D00FF6B0014AE,'2025-11-05 22:44:22.000000',6,'59BH0106','ACTIVE','2025-11-05 22:44:22.000000',0x4C89CD7DBA5E11F0B98D00FF6B0014AE),(0x4C8AD94CBA5E11F0B98D00FF6B0014AE,'2025-11-05 22:44:22.000000',7,'59BH0107','ACTIVE','2025-11-05 22:44:22.000000',0x4C89CD7DBA5E11F0B98D00FF6B0014AE),(0x4C8AFDA2BA5E11F0B98D00FF6B0014AE,'2025-11-05 22:44:22.000000',8,'59BH0108','ACTIVE','2025-11-05 22:44:22.000000',0x4C89CD7DBA5E11F0B98D00FF6B0014AE),(0x4C8B20D7BA5E11F0B98D00FF6B0014AE,'2025-11-05 22:44:22.000000',9,'59BH0109','ACTIVE','2025-11-05 22:44:22.000000',0x4C89CD7DBA5E11F0B98D00FF6B0014AE),(0x4C8B40EEBA5E11F0B98D00FF6B0014AE,'2025-11-05 22:44:22.000000',10,'59BH01010','ACTIVE','2025-11-05 22:44:22.000000',0x4C89CD7DBA5E11F0B98D00FF6B0014AE),(0x4C8B6B86BA5E11F0B98D00FF6B0014AE,'2025-11-05 22:44:22.000000',11,'59BH01011','ACTIVE','2025-11-05 22:44:22.000000',0x4C89CD7DBA5E11F0B98D00FF6B0014AE),(0x4C8B8E50BA5E11F0B98D00FF6B0014AE,'2025-11-05 22:44:22.000000',12,'59BH01012','ACTIVE','2025-11-05 22:44:22.000000',0x4C89CD7DBA5E11F0B98D00FF6B0014AE),(0x4C8BB127BA5E11F0B98D00FF6B0014AE,'2025-11-05 22:44:22.000000',13,'59BH01013','ACTIVE','2025-11-05 22:44:22.000000',0x4C89CD7DBA5E11F0B98D00FF6B0014AE),(0x4C8BD86FBA5E11F0B98D00FF6B0014AE,'2025-11-05 22:44:22.000000',14,'59BH01014','ACTIVE','2025-11-05 22:44:22.000000',0x4C89CD7DBA5E11F0B98D00FF6B0014AE),(0x4C8BF9F0BA5E11F0B98D00FF6B0014AE,'2025-11-05 22:44:22.000000',15,'59BH01015','ACTIVE','2025-11-05 22:44:22.000000',0x4C89CD7DBA5E11F0B98D00FF6B0014AE),(0x4C8C1D5FBA5E11F0B98D00FF6B0014AE,'2025-11-05 22:44:22.000000',16,'59BH01016','ACTIVE','2025-11-05 22:44:22.000000',0x4C89CD7DBA5E11F0B98D00FF6B0014AE),(0x4C8C4A50BA5E11F0B98D00FF6B0014AE,'2025-11-05 22:44:22.000000',17,'59BH01017','ACTIVE','2025-11-05 22:44:22.000000',0x4C89CD7DBA5E11F0B98D00FF6B0014AE),(0x4C8C7851BA5E11F0B98D00FF6B0014AE,'2025-11-05 22:44:22.000000',18,'59BH01018','ACTIVE','2025-11-05 22:44:22.000000',0x4C89CD7DBA5E11F0B98D00FF6B0014AE),(0x4C8C9E72BA5E11F0B98D00FF6B0014AE,'2025-11-05 22:44:22.000000',19,'59BH01019','ACTIVE','2025-11-05 22:44:22.000000',0x4C89CD7DBA5E11F0B98D00FF6B0014AE),(0x4C8CBFE7BA5E11F0B98D00FF6B0014AE,'2025-11-05 22:44:22.000000',20,'59BH01020','ACTIVE','2025-11-05 22:44:22.000000',0x4C89CD7DBA5E11F0B98D00FF6B0014AE),(0x4C8CE816BA5E11F0B98D00FF6B0014AE,'2025-11-05 22:44:22.000000',21,'59BH01021','ACTIVE','2025-11-05 22:44:22.000000',0x4C89CD7DBA5E11F0B98D00FF6B0014AE),(0x4C8D0D0CBA5E11F0B98D00FF6B0014AE,'2025-11-05 22:44:22.000000',22,'59BH01022','ACTIVE','2025-11-05 22:44:22.000000',0x4C89CD7DBA5E11F0B98D00FF6B0014AE),(0x4C8D317BBA5E11F0B98D00FF6B0014AE,'2025-11-05 22:44:22.000000',23,'59BH01023','ACTIVE','2025-11-05 22:44:22.000000',0x4C89CD7DBA5E11F0B98D00FF6B0014AE),(0x4C8D54E4BA5E11F0B98D00FF6B0014AE,'2025-11-05 22:44:22.000000',24,'59BH01024','ACTIVE','2025-11-05 22:44:22.000000',0x4C89CD7DBA5E11F0B98D00FF6B0014AE),(0x4C8D74EABA5E11F0B98D00FF6B0014AE,'2025-11-05 22:44:22.000000',25,'59BH01025','ACTIVE','2025-11-05 22:44:22.000000',0x4C89CD7DBA5E11F0B98D00FF6B0014AE),(0x4C8D98F2BA5E11F0B98D00FF6B0014AE,'2025-11-05 22:44:22.000000',26,'59BH01026','ACTIVE','2025-11-05 22:44:22.000000',0x4C89CD7DBA5E11F0B98D00FF6B0014AE),(0x4C8DBD40BA5E11F0B98D00FF6B0014AE,'2025-11-05 22:44:22.000000',27,'59BH01027','ACTIVE','2025-11-05 22:44:22.000000',0x4C89CD7DBA5E11F0B98D00FF6B0014AE),(0x4C8DE00EBA5E11F0B98D00FF6B0014AE,'2025-11-05 22:44:22.000000',28,'59BH01028','ACTIVE','2025-11-05 22:44:22.000000',0x4C89CD7DBA5E11F0B98D00FF6B0014AE),(0x4C8E043EBA5E11F0B98D00FF6B0014AE,'2025-11-05 22:44:22.000000',29,'59BH01029','ACTIVE','2025-11-05 22:44:22.000000',0x4C89CD7DBA5E11F0B98D00FF6B0014AE),(0x4C8E25A5BA5E11F0B98D00FF6B0014AE,'2025-11-05 22:44:22.000000',30,'59BH01030','ACTIVE','2025-11-05 22:44:22.000000',0x4C89CD7DBA5E11F0B98D00FF6B0014AE),(0x4C8E490CBA5E11F0B98D00FF6B0014AE,'2025-11-05 22:44:22.000000',31,'59BH01031','ACTIVE','2025-11-05 22:44:22.000000',0x4C89CD7DBA5E11F0B98D00FF6B0014AE),(0x4C8E6BDDBA5E11F0B98D00FF6B0014AE,'2025-11-05 22:44:22.000000',32,'59BH01032','ACTIVE','2025-11-05 22:44:22.000000',0x4C89CD7DBA5E11F0B98D00FF6B0014AE),(0x4C8E8EB7BA5E11F0B98D00FF6B0014AE,'2025-11-05 22:44:22.000000',33,'59BH01033','ACTIVE','2025-11-05 22:44:22.000000',0x4C89CD7DBA5E11F0B98D00FF6B0014AE),(0x4C8EB45BBA5E11F0B98D00FF6B0014AE,'2025-11-05 22:44:22.000000',34,'59BH01034','ACTIVE','2025-11-05 22:44:22.000000',0x4C89CD7DBA5E11F0B98D00FF6B0014AE),(0x4C8ED867BA5E11F0B98D00FF6B0014AE,'2025-11-05 22:44:22.000000',35,'59BH01035','ACTIVE','2025-11-05 22:44:22.000000',0x4C89CD7DBA5E11F0B98D00FF6B0014AE),(0x4C8F0762BA5E11F0B98D00FF6B0014AE,'2025-11-05 22:44:22.000000',36,'59BH01036','ACTIVE','2025-11-05 22:44:22.000000',0x4C89CD7DBA5E11F0B98D00FF6B0014AE),(0x4C8F2D90BA5E11F0B98D00FF6B0014AE,'2025-11-05 22:44:22.000000',37,'59BH01037','ACTIVE','2025-11-05 22:44:22.000000',0x4C89CD7DBA5E11F0B98D00FF6B0014AE),(0x4C8F54E7BA5E11F0B98D00FF6B0014AE,'2025-11-05 22:44:22.000000',38,'59BH01038','ACTIVE','2025-11-05 22:44:22.000000',0x4C89CD7DBA5E11F0B98D00FF6B0014AE),(0x4C8F787BBA5E11F0B98D00FF6B0014AE,'2025-11-05 22:44:22.000000',39,'59BH01039','ACTIVE','2025-11-05 22:44:22.000000',0x4C89CD7DBA5E11F0B98D00FF6B0014AE),(0x4C8F9A06BA5E11F0B98D00FF6B0014AE,'2025-11-05 22:44:22.000000',40,'59BH01040','ACTIVE','2025-11-05 22:44:22.000000',0x4C89CD7DBA5E11F0B98D00FF6B0014AE),(0x4C8FE1EBBA5E11F0B98D00FF6B0014AE,'2025-11-05 22:44:22.000000',1,'59BH0111','ACTIVE','2025-11-05 22:44:22.000000',0x4C8FBE2BBA5E11F0B98D00FF6B0014AE),(0x4C900514BA5E11F0B98D00FF6B0014AE,'2025-11-05 22:44:22.000000',2,'59BH0112','ACTIVE','2025-11-05 22:44:22.000000',0x4C8FBE2BBA5E11F0B98D00FF6B0014AE),(0x4C902E06BA5E11F0B98D00FF6B0014AE,'2025-11-05 22:44:22.000000',3,'59BH0113','ACTIVE','2025-11-05 22:44:22.000000',0x4C8FBE2BBA5E11F0B98D00FF6B0014AE),(0x4C90520FBA5E11F0B98D00FF6B0014AE,'2025-11-05 22:44:22.000000',4,'59BH0114','ACTIVE','2025-11-05 22:44:22.000000',0x4C8FBE2BBA5E11F0B98D00FF6B0014AE),(0x4C907294BA5E11F0B98D00FF6B0014AE,'2025-11-05 22:44:22.000000',5,'59BH0115','ACTIVE','2025-11-05 22:44:22.000000',0x4C8FBE2BBA5E11F0B98D00FF6B0014AE),(0x4C909647BA5E11F0B98D00FF6B0014AE,'2025-11-05 22:44:22.000000',6,'59BH0116','ACTIVE','2025-11-05 22:44:22.000000',0x4C8FBE2BBA5E11F0B98D00FF6B0014AE),(0x4C90BDBCBA5E11F0B98D00FF6B0014AE,'2025-11-05 22:44:22.000000',7,'59BH0117','ACTIVE','2025-11-05 22:44:22.000000',0x4C8FBE2BBA5E11F0B98D00FF6B0014AE),(0x4C90E0B0BA5E11F0B98D00FF6B0014AE,'2025-11-05 22:44:22.000000',8,'59BH0118','ACTIVE','2025-11-05 22:44:22.000000',0x4C8FBE2BBA5E11F0B98D00FF6B0014AE),(0x4C9112E1BA5E11F0B98D00FF6B0014AE,'2025-11-05 22:44:22.000000',9,'59BH0119','ACTIVE','2025-11-05 22:44:22.000000',0x4C8FBE2BBA5E11F0B98D00FF6B0014AE),(0x4C913CDEBA5E11F0B98D00FF6B0014AE,'2025-11-05 22:44:22.000000',10,'59BH01110','ACTIVE','2025-11-05 22:44:22.000000',0x4C8FBE2BBA5E11F0B98D00FF6B0014AE),(0x4C916C87BA5E11F0B98D00FF6B0014AE,'2025-11-05 22:44:22.000000',11,'59BH01111','ACTIVE','2025-11-05 22:44:22.000000',0x4C8FBE2BBA5E11F0B98D00FF6B0014AE),(0x4C9196F4BA5E11F0B98D00FF6B0014AE,'2025-11-05 22:44:22.000000',12,'59BH01112','ACTIVE','2025-11-05 22:44:22.000000',0x4C8FBE2BBA5E11F0B98D00FF6B0014AE),(0x4C91BCD8BA5E11F0B98D00FF6B0014AE,'2025-11-05 22:44:22.000000',13,'59BH01113','ACTIVE','2025-11-05 22:44:22.000000',0x4C8FBE2BBA5E11F0B98D00FF6B0014AE),(0x4C91E0BEBA5E11F0B98D00FF6B0014AE,'2025-11-05 22:44:22.000000',14,'59BH01114','ACTIVE','2025-11-05 22:44:22.000000',0x4C8FBE2BBA5E11F0B98D00FF6B0014AE),(0x4C920149BA5E11F0B98D00FF6B0014AE,'2025-11-05 22:44:22.000000',15,'59BH01115','ACTIVE','2025-11-05 22:44:22.000000',0x4C8FBE2BBA5E11F0B98D00FF6B0014AE),(0x4C922449BA5E11F0B98D00FF6B0014AE,'2025-11-05 22:44:22.000000',16,'59BH01116','ACTIVE','2025-11-05 22:44:22.000000',0x4C8FBE2BBA5E11F0B98D00FF6B0014AE),(0x4C9248E3BA5E11F0B98D00FF6B0014AE,'2025-11-05 22:44:22.000000',17,'59BH01117','ACTIVE','2025-11-05 22:44:22.000000',0x4C8FBE2BBA5E11F0B98D00FF6B0014AE),(0x4C926E01BA5E11F0B98D00FF6B0014AE,'2025-11-05 22:44:22.000000',18,'59BH01118','ACTIVE','2025-11-05 22:44:22.000000',0x4C8FBE2BBA5E11F0B98D00FF6B0014AE),(0x4C9291A8BA5E11F0B98D00FF6B0014AE,'2025-11-05 22:44:22.000000',19,'59BH01119','ACTIVE','2025-11-05 22:44:22.000000',0x4C8FBE2BBA5E11F0B98D00FF6B0014AE),(0x4C92B114BA5E11F0B98D00FF6B0014AE,'2025-11-05 22:44:22.000000',20,'59BH01120','ACTIVE','2025-11-05 22:44:22.000000',0x4C8FBE2BBA5E11F0B98D00FF6B0014AE),(0x4C92D41BBA5E11F0B98D00FF6B0014AE,'2025-11-05 22:44:22.000000',21,'59BH01121','ACTIVE','2025-11-05 22:44:22.000000',0x4C8FBE2BBA5E11F0B98D00FF6B0014AE),(0x4C92F717BA5E11F0B98D00FF6B0014AE,'2025-11-05 22:44:22.000000',22,'59BH01122','ACTIVE','2025-11-05 22:44:22.000000',0x4C8FBE2BBA5E11F0B98D00FF6B0014AE),(0x4C931A1BBA5E11F0B98D00FF6B0014AE,'2025-11-05 22:44:22.000000',23,'59BH01123','ACTIVE','2025-11-05 22:44:22.000000',0x4C8FBE2BBA5E11F0B98D00FF6B0014AE),(0x4C933CC6BA5E11F0B98D00FF6B0014AE,'2025-11-05 22:44:22.000000',24,'59BH01124','ACTIVE','2025-11-05 22:44:22.000000',0x4C8FBE2BBA5E11F0B98D00FF6B0014AE),(0x4C935EDABA5E11F0B98D00FF6B0014AE,'2025-11-05 22:44:22.000000',25,'59BH01125','ACTIVE','2025-11-05 22:44:22.000000',0x4C8FBE2BBA5E11F0B98D00FF6B0014AE),(0x4C938522BA5E11F0B98D00FF6B0014AE,'2025-11-05 22:44:22.000000',26,'59BH01126','ACTIVE','2025-11-05 22:44:22.000000',0x4C8FBE2BBA5E11F0B98D00FF6B0014AE),(0x4C93AA6CBA5E11F0B98D00FF6B0014AE,'2025-11-05 22:44:22.000000',27,'59BH01127','ACTIVE','2025-11-05 22:44:22.000000',0x4C8FBE2BBA5E11F0B98D00FF6B0014AE),(0x4C93CDCEBA5E11F0B98D00FF6B0014AE,'2025-11-05 22:44:22.000000',28,'59BH01128','ACTIVE','2025-11-05 22:44:22.000000',0x4C8FBE2BBA5E11F0B98D00FF6B0014AE),(0x4C93F0DCBA5E11F0B98D00FF6B0014AE,'2025-11-05 22:44:22.000000',29,'59BH01129','ACTIVE','2025-11-05 22:44:22.000000',0x4C8FBE2BBA5E11F0B98D00FF6B0014AE),(0x4C94115ABA5E11F0B98D00FF6B0014AE,'2025-11-05 22:44:22.000000',30,'59BH01130','ACTIVE','2025-11-05 22:44:22.000000',0x4C8FBE2BBA5E11F0B98D00FF6B0014AE),(0x4C94343DBA5E11F0B98D00FF6B0014AE,'2025-11-05 22:44:22.000000',31,'59BH01131','ACTIVE','2025-11-05 22:44:22.000000',0x4C8FBE2BBA5E11F0B98D00FF6B0014AE),(0x4C9456F7BA5E11F0B98D00FF6B0014AE,'2025-11-05 22:44:22.000000',32,'59BH01132','ACTIVE','2025-11-05 22:44:22.000000',0x4C8FBE2BBA5E11F0B98D00FF6B0014AE),(0x4C947B91BA5E11F0B98D00FF6B0014AE,'2025-11-05 22:44:22.000000',33,'59BH01133','ACTIVE','2025-11-05 22:44:22.000000',0x4C8FBE2BBA5E11F0B98D00FF6B0014AE),(0x4C949ED4BA5E11F0B98D00FF6B0014AE,'2025-11-05 22:44:22.000000',34,'59BH01134','ACTIVE','2025-11-05 22:44:22.000000',0x4C8FBE2BBA5E11F0B98D00FF6B0014AE),(0x4C94C9A1BA5E11F0B98D00FF6B0014AE,'2025-11-05 22:44:22.000000',35,'59BH01135','ACTIVE','2025-11-05 22:44:22.000000',0x4C8FBE2BBA5E11F0B98D00FF6B0014AE),(0x4C94EDB2BA5E11F0B98D00FF6B0014AE,'2025-11-05 22:44:22.000000',36,'59BH01136','ACTIVE','2025-11-05 22:44:22.000000',0x4C8FBE2BBA5E11F0B98D00FF6B0014AE),(0x4C95115ABA5E11F0B98D00FF6B0014AE,'2025-11-05 22:44:22.000000',37,'59BH01137','ACTIVE','2025-11-05 22:44:22.000000',0x4C8FBE2BBA5E11F0B98D00FF6B0014AE),(0x4C953491BA5E11F0B98D00FF6B0014AE,'2025-11-05 22:44:22.000000',38,'59BH01138','ACTIVE','2025-11-05 22:44:22.000000',0x4C8FBE2BBA5E11F0B98D00FF6B0014AE),(0x4C955776BA5E11F0B98D00FF6B0014AE,'2025-11-05 22:44:22.000000',39,'59BH01139','ACTIVE','2025-11-05 22:44:22.000000',0x4C8FBE2BBA5E11F0B98D00FF6B0014AE),(0x4C957AA3BA5E11F0B98D00FF6B0014AE,'2025-11-05 22:44:22.000000',40,'59BH01140','ACTIVE','2025-11-05 22:44:22.000000',0x4C8FBE2BBA5E11F0B98D00FF6B0014AE),(0x4C95BE79BA5E11F0B98D00FF6B0014AE,'2025-11-05 22:44:22.000000',1,'59BH0121','ACTIVE','2025-11-05 22:44:22.000000',0x4C959AD8BA5E11F0B98D00FF6B0014AE),(0x4C95E151BA5E11F0B98D00FF6B0014AE,'2025-11-05 22:44:22.000000',2,'59BH0122','ACTIVE','2025-11-05 22:44:22.000000',0x4C959AD8BA5E11F0B98D00FF6B0014AE),(0x4C960AD7BA5E11F0B98D00FF6B0014AE,'2025-11-05 22:44:22.000000',3,'59BH0123','ACTIVE','2025-11-05 22:44:22.000000',0x4C959AD8BA5E11F0B98D00FF6B0014AE),(0x4C96301CBA5E11F0B98D00FF6B0014AE,'2025-11-05 22:44:22.000000',4,'59BH0124','ACTIVE','2025-11-05 22:44:22.000000',0x4C959AD8BA5E11F0B98D00FF6B0014AE),(0x4C96537EBA5E11F0B98D00FF6B0014AE,'2025-11-05 22:44:22.000000',5,'59BH0125','ACTIVE','2025-11-05 22:44:22.000000',0x4C959AD8BA5E11F0B98D00FF6B0014AE),(0x4C96775ABA5E11F0B98D00FF6B0014AE,'2025-11-05 22:44:22.000000',6,'59BH0126','ACTIVE','2025-11-05 22:44:22.000000',0x4C959AD8BA5E11F0B98D00FF6B0014AE),(0x4C969C4ABA5E11F0B98D00FF6B0014AE,'2025-11-05 22:44:22.000000',7,'59BH0127','ACTIVE','2025-11-05 22:44:22.000000',0x4C959AD8BA5E11F0B98D00FF6B0014AE),(0x4C96C0DCBA5E11F0B98D00FF6B0014AE,'2025-11-05 22:44:22.000000',8,'59BH0128','ACTIVE','2025-11-05 22:44:22.000000',0x4C959AD8BA5E11F0B98D00FF6B0014AE),(0x4C96E495BA5E11F0B98D00FF6B0014AE,'2025-11-05 22:44:22.000000',9,'59BH0129','ACTIVE','2025-11-05 22:44:22.000000',0x4C959AD8BA5E11F0B98D00FF6B0014AE),(0x4C9704E5BA5E11F0B98D00FF6B0014AE,'2025-11-05 22:44:22.000000',10,'59BH01210','ACTIVE','2025-11-05 22:44:22.000000',0x4C959AD8BA5E11F0B98D00FF6B0014AE),(0x4C972846BA5E11F0B98D00FF6B0014AE,'2025-11-05 22:44:22.000000',11,'59BH01211','ACTIVE','2025-11-05 22:44:22.000000',0x4C959AD8BA5E11F0B98D00FF6B0014AE),(0x4C974D2EBA5E11F0B98D00FF6B0014AE,'2025-11-05 22:44:22.000000',12,'59BH01212','ACTIVE','2025-11-05 22:44:22.000000',0x4C959AD8BA5E11F0B98D00FF6B0014AE),(0x4C9778DDBA5E11F0B98D00FF6B0014AE,'2025-11-05 22:44:22.000000',13,'59BH01213','ACTIVE','2025-11-05 22:44:22.000000',0x4C959AD8BA5E11F0B98D00FF6B0014AE),(0x4C979CEFBA5E11F0B98D00FF6B0014AE,'2025-11-05 22:44:22.000000',14,'59BH01214','ACTIVE','2025-11-05 22:44:22.000000',0x4C959AD8BA5E11F0B98D00FF6B0014AE),(0x4C97BDD7BA5E11F0B98D00FF6B0014AE,'2025-11-05 22:44:22.000000',15,'59BH01215','ACTIVE','2025-11-05 22:44:22.000000',0x4C959AD8BA5E11F0B98D00FF6B0014AE),(0x4C97E507BA5E11F0B98D00FF6B0014AE,'2025-11-05 22:44:22.000000',16,'59BH01216','ACTIVE','2025-11-05 22:44:22.000000',0x4C959AD8BA5E11F0B98D00FF6B0014AE),(0x4C9807F4BA5E11F0B98D00FF6B0014AE,'2025-11-05 22:44:22.000000',17,'59BH01217','ACTIVE','2025-11-05 22:44:22.000000',0x4C959AD8BA5E11F0B98D00FF6B0014AE),(0x4C982B3EBA5E11F0B98D00FF6B0014AE,'2025-11-05 22:44:22.000000',18,'59BH01218','ACTIVE','2025-11-05 22:44:22.000000',0x4C959AD8BA5E11F0B98D00FF6B0014AE),(0x4C984E17BA5E11F0B98D00FF6B0014AE,'2025-11-05 22:44:22.000000',19,'59BH01219','ACTIVE','2025-11-05 22:44:22.000000',0x4C959AD8BA5E11F0B98D00FF6B0014AE),(0x4C98703ABA5E11F0B98D00FF6B0014AE,'2025-11-05 22:44:22.000000',20,'59BH01220','ACTIVE','2025-11-05 22:44:22.000000',0x4C959AD8BA5E11F0B98D00FF6B0014AE),(0x4C9896DDBA5E11F0B98D00FF6B0014AE,'2025-11-05 22:44:22.000000',21,'59BH01221','ACTIVE','2025-11-05 22:44:22.000000',0x4C959AD8BA5E11F0B98D00FF6B0014AE),(0x4C98BE0CBA5E11F0B98D00FF6B0014AE,'2025-11-05 22:44:22.000000',22,'59BH01222','ACTIVE','2025-11-05 22:44:22.000000',0x4C959AD8BA5E11F0B98D00FF6B0014AE),(0x4C98E168BA5E11F0B98D00FF6B0014AE,'2025-11-05 22:44:22.000000',23,'59BH01223','ACTIVE','2025-11-05 22:44:22.000000',0x4C959AD8BA5E11F0B98D00FF6B0014AE),(0x4C9904BABA5E11F0B98D00FF6B0014AE,'2025-11-05 22:44:22.000000',24,'59BH01224','ACTIVE','2025-11-05 22:44:22.000000',0x4C959AD8BA5E11F0B98D00FF6B0014AE),(0x4C992536BA5E11F0B98D00FF6B0014AE,'2025-11-05 22:44:22.000000',25,'59BH01225','ACTIVE','2025-11-05 22:44:22.000000',0x4C959AD8BA5E11F0B98D00FF6B0014AE),(0x4C99480DBA5E11F0B98D00FF6B0014AE,'2025-11-05 22:44:22.000000',26,'59BH01226','ACTIVE','2025-11-05 22:44:22.000000',0x4C959AD8BA5E11F0B98D00FF6B0014AE),(0x4C996ABDBA5E11F0B98D00FF6B0014AE,'2025-11-05 22:44:22.000000',27,'59BH01227','ACTIVE','2025-11-05 22:44:22.000000',0x4C959AD8BA5E11F0B98D00FF6B0014AE),(0x4C998E8ABA5E11F0B98D00FF6B0014AE,'2025-11-05 22:44:22.000000',28,'59BH01228','ACTIVE','2025-11-05 22:44:22.000000',0x4C959AD8BA5E11F0B98D00FF6B0014AE),(0x4C99B289BA5E11F0B98D00FF6B0014AE,'2025-11-05 22:44:22.000000',29,'59BH01229','ACTIVE','2025-11-05 22:44:22.000000',0x4C959AD8BA5E11F0B98D00FF6B0014AE),(0x4C99D655BA5E11F0B98D00FF6B0014AE,'2025-11-05 22:44:22.000000',30,'59BH01230','ACTIVE','2025-11-05 22:44:22.000000',0x4C959AD8BA5E11F0B98D00FF6B0014AE),(0x4C99F5FCBA5E11F0B98D00FF6B0014AE,'2025-11-05 22:44:22.000000',31,'59BH01231','ACTIVE','2025-11-05 22:44:22.000000',0x4C959AD8BA5E11F0B98D00FF6B0014AE),(0x4C9A18C2BA5E11F0B98D00FF6B0014AE,'2025-11-05 22:44:22.000000',32,'59BH01232','ACTIVE','2025-11-05 22:44:22.000000',0x4C959AD8BA5E11F0B98D00FF6B0014AE),(0x4C9A3B2FBA5E11F0B98D00FF6B0014AE,'2025-11-05 22:44:22.000000',33,'59BH01233','ACTIVE','2025-11-05 22:44:22.000000',0x4C959AD8BA5E11F0B98D00FF6B0014AE),(0x4C9A5DCCBA5E11F0B98D00FF6B0014AE,'2025-11-05 22:44:22.000000',34,'59BH01234','ACTIVE','2025-11-05 22:44:22.000000',0x4C959AD8BA5E11F0B98D00FF6B0014AE),(0x4C9A8082BA5E11F0B98D00FF6B0014AE,'2025-11-05 22:44:22.000000',35,'59BH01235','ACTIVE','2025-11-05 22:44:22.000000',0x4C959AD8BA5E11F0B98D00FF6B0014AE),(0x4C9AA01DBA5E11F0B98D00FF6B0014AE,'2025-11-05 22:44:22.000000',36,'59BH01236','ACTIVE','2025-11-05 22:44:22.000000',0x4C959AD8BA5E11F0B98D00FF6B0014AE),(0x4C9AC672BA5E11F0B98D00FF6B0014AE,'2025-11-05 22:44:22.000000',37,'59BH01237','ACTIVE','2025-11-05 22:44:22.000000',0x4C959AD8BA5E11F0B98D00FF6B0014AE),(0x4C9AF713BA5E11F0B98D00FF6B0014AE,'2025-11-05 22:44:22.000000',38,'59BH01238','ACTIVE','2025-11-05 22:44:22.000000',0x4C959AD8BA5E11F0B98D00FF6B0014AE),(0x4C9B20D2BA5E11F0B98D00FF6B0014AE,'2025-11-05 22:44:22.000000',39,'59BH01239','ACTIVE','2025-11-05 22:44:22.000000',0x4C959AD8BA5E11F0B98D00FF6B0014AE),(0x4C9B46C9BA5E11F0B98D00FF6B0014AE,'2025-11-05 22:44:22.000000',40,'59BH01240','ACTIVE','2025-11-05 22:44:22.000000',0x4C959AD8BA5E11F0B98D00FF6B0014AE),(0x4C9B8EE6BA5E11F0B98D00FF6B0014AE,'2025-11-05 22:44:22.000000',1,'59BH0131','ACTIVE','2025-11-05 22:44:22.000000',0x4C9B6A5EBA5E11F0B98D00FF6B0014AE),(0x4C9BB369BA5E11F0B98D00FF6B0014AE,'2025-11-05 22:44:22.000000',2,'59BH0132','ACTIVE','2025-11-05 22:44:22.000000',0x4C9B6A5EBA5E11F0B98D00FF6B0014AE),(0x4C9BD839BA5E11F0B98D00FF6B0014AE,'2025-11-05 22:44:22.000000',3,'59BH0133','ACTIVE','2025-11-05 22:44:22.000000',0x4C9B6A5EBA5E11F0B98D00FF6B0014AE),(0x4C9C016FBA5E11F0B98D00FF6B0014AE,'2025-11-05 22:44:22.000000',4,'59BH0134','ACTIVE','2025-11-05 22:44:22.000000',0x4C9B6A5EBA5E11F0B98D00FF6B0014AE),(0x4C9C227ABA5E11F0B98D00FF6B0014AE,'2025-11-05 22:44:22.000000',5,'59BH0135','ACTIVE','2025-11-05 22:44:22.000000',0x4C9B6A5EBA5E11F0B98D00FF6B0014AE),(0x4C9C463FBA5E11F0B98D00FF6B0014AE,'2025-11-05 22:44:22.000000',6,'59BH0136','ACTIVE','2025-11-05 22:44:22.000000',0x4C9B6A5EBA5E11F0B98D00FF6B0014AE),(0x4C9C69F1BA5E11F0B98D00FF6B0014AE,'2025-11-05 22:44:22.000000',7,'59BH0137','ACTIVE','2025-11-05 22:44:22.000000',0x4C9B6A5EBA5E11F0B98D00FF6B0014AE),(0x4C9C8FC4BA5E11F0B98D00FF6B0014AE,'2025-11-05 22:44:22.000000',8,'59BH0138','ACTIVE','2025-11-05 22:44:22.000000',0x4C9B6A5EBA5E11F0B98D00FF6B0014AE),(0x4C9CB305BA5E11F0B98D00FF6B0014AE,'2025-11-05 22:44:22.000000',9,'59BH0139','ACTIVE','2025-11-05 22:44:22.000000',0x4C9B6A5EBA5E11F0B98D00FF6B0014AE),(0x4C9CD396BA5E11F0B98D00FF6B0014AE,'2025-11-05 22:44:22.000000',10,'59BH01310','ACTIVE','2025-11-05 22:44:22.000000',0x4C9B6A5EBA5E11F0B98D00FF6B0014AE),(0x4C9CF883BA5E11F0B98D00FF6B0014AE,'2025-11-05 22:44:22.000000',11,'59BH01311','ACTIVE','2025-11-05 22:44:22.000000',0x4C9B6A5EBA5E11F0B98D00FF6B0014AE),(0x4C9D1C3CBA5E11F0B98D00FF6B0014AE,'2025-11-05 22:44:22.000000',12,'59BH01312','ACTIVE','2025-11-05 22:44:22.000000',0x4C9B6A5EBA5E11F0B98D00FF6B0014AE),(0x4C9D4194BA5E11F0B98D00FF6B0014AE,'2025-11-05 22:44:22.000000',13,'59BH01313','ACTIVE','2025-11-05 22:44:22.000000',0x4C9B6A5EBA5E11F0B98D00FF6B0014AE),(0x4C9D65F8BA5E11F0B98D00FF6B0014AE,'2025-11-05 22:44:22.000000',14,'59BH01314','ACTIVE','2025-11-05 22:44:22.000000',0x4C9B6A5EBA5E11F0B98D00FF6B0014AE),(0x4C9D8A78BA5E11F0B98D00FF6B0014AE,'2025-11-05 22:44:22.000000',15,'59BH01315','ACTIVE','2025-11-05 22:44:22.000000',0x4C9B6A5EBA5E11F0B98D00FF6B0014AE),(0x4C9DABBABA5E11F0B98D00FF6B0014AE,'2025-11-05 22:44:22.000000',16,'59BH01316','ACTIVE','2025-11-05 22:44:22.000000',0x4C9B6A5EBA5E11F0B98D00FF6B0014AE),(0x4C9DCF8FBA5E11F0B98D00FF6B0014AE,'2025-11-05 22:44:22.000000',17,'59BH01317','ACTIVE','2025-11-05 22:44:22.000000',0x4C9B6A5EBA5E11F0B98D00FF6B0014AE),(0x4C9DF3EEBA5E11F0B98D00FF6B0014AE,'2025-11-05 22:44:22.000000',18,'59BH01318','ACTIVE','2025-11-05 22:44:22.000000',0x4C9B6A5EBA5E11F0B98D00FF6B0014AE),(0x4C9E1779BA5E11F0B98D00FF6B0014AE,'2025-11-05 22:44:22.000000',19,'59BH01319','ACTIVE','2025-11-05 22:44:22.000000',0x4C9B6A5EBA5E11F0B98D00FF6B0014AE),(0x4C9E3A40BA5E11F0B98D00FF6B0014AE,'2025-11-05 22:44:22.000000',20,'59BH01320','ACTIVE','2025-11-05 22:44:22.000000',0x4C9B6A5EBA5E11F0B98D00FF6B0014AE),(0x4C9E5A02BA5E11F0B98D00FF6B0014AE,'2025-11-05 22:44:22.000000',21,'59BH01321','ACTIVE','2025-11-05 22:44:22.000000',0x4C9B6A5EBA5E11F0B98D00FF6B0014AE),(0x4C9E7C89BA5E11F0B98D00FF6B0014AE,'2025-11-05 22:44:22.000000',22,'59BH01322','ACTIVE','2025-11-05 22:44:22.000000',0x4C9B6A5EBA5E11F0B98D00FF6B0014AE),(0x4C9E9F1FBA5E11F0B98D00FF6B0014AE,'2025-11-05 22:44:22.000000',23,'59BH01323','ACTIVE','2025-11-05 22:44:22.000000',0x4C9B6A5EBA5E11F0B98D00FF6B0014AE),(0x4C9EC546BA5E11F0B98D00FF6B0014AE,'2025-11-05 22:44:22.000000',24,'59BH01324','ACTIVE','2025-11-05 22:44:22.000000',0x4C9B6A5EBA5E11F0B98D00FF6B0014AE),(0x4C9EE8CDBA5E11F0B98D00FF6B0014AE,'2025-11-05 22:44:22.000000',25,'59BH01325','ACTIVE','2025-11-05 22:44:22.000000',0x4C9B6A5EBA5E11F0B98D00FF6B0014AE),(0x4C9F09C6BA5E11F0B98D00FF6B0014AE,'2025-11-05 22:44:22.000000',26,'59BH01326','ACTIVE','2025-11-05 22:44:22.000000',0x4C9B6A5EBA5E11F0B98D00FF6B0014AE),(0x4C9F2CF3BA5E11F0B98D00FF6B0014AE,'2025-11-05 22:44:22.000000',27,'59BH01327','ACTIVE','2025-11-05 22:44:22.000000',0x4C9B6A5EBA5E11F0B98D00FF6B0014AE),(0x4C9F4FF0BA5E11F0B98D00FF6B0014AE,'2025-11-05 22:44:22.000000',28,'59BH01328','ACTIVE','2025-11-05 22:44:22.000000',0x4C9B6A5EBA5E11F0B98D00FF6B0014AE),(0x4C9F729CBA5E11F0B98D00FF6B0014AE,'2025-11-05 22:44:22.000000',29,'59BH01329','ACTIVE','2025-11-05 22:44:22.000000',0x4C9B6A5EBA5E11F0B98D00FF6B0014AE),(0x4C9F95D0BA5E11F0B98D00FF6B0014AE,'2025-11-05 22:44:22.000000',30,'59BH01330','ACTIVE','2025-11-05 22:44:22.000000',0x4C9B6A5EBA5E11F0B98D00FF6B0014AE),(0x4C9FB765BA5E11F0B98D00FF6B0014AE,'2025-11-05 22:44:22.000000',31,'59BH01331','ACTIVE','2025-11-05 22:44:22.000000',0x4C9B6A5EBA5E11F0B98D00FF6B0014AE),(0x4C9FDC10BA5E11F0B98D00FF6B0014AE,'2025-11-05 22:44:22.000000',32,'59BH01332','ACTIVE','2025-11-05 22:44:22.000000',0x4C9B6A5EBA5E11F0B98D00FF6B0014AE),(0x4C9FFFE5BA5E11F0B98D00FF6B0014AE,'2025-11-05 22:44:22.000000',33,'59BH01333','ACTIVE','2025-11-05 22:44:22.000000',0x4C9B6A5EBA5E11F0B98D00FF6B0014AE),(0x4CA02472BA5E11F0B98D00FF6B0014AE,'2025-11-05 22:44:22.000000',34,'59BH01334','ACTIVE','2025-11-05 22:44:22.000000',0x4C9B6A5EBA5E11F0B98D00FF6B0014AE),(0x4CA04A39BA5E11F0B98D00FF6B0014AE,'2025-11-05 22:44:22.000000',35,'59BH01335','ACTIVE','2025-11-05 22:44:22.000000',0x4C9B6A5EBA5E11F0B98D00FF6B0014AE),(0x4CA06B1CBA5E11F0B98D00FF6B0014AE,'2025-11-05 22:44:22.000000',36,'59BH01336','ACTIVE','2025-11-05 22:44:22.000000',0x4C9B6A5EBA5E11F0B98D00FF6B0014AE),(0x4CA08F21BA5E11F0B98D00FF6B0014AE,'2025-11-05 22:44:22.000000',37,'59BH01337','ACTIVE','2025-11-05 22:44:22.000000',0x4C9B6A5EBA5E11F0B98D00FF6B0014AE),(0x4CA0B227BA5E11F0B98D00FF6B0014AE,'2025-11-05 22:44:22.000000',38,'59BH01338','ACTIVE','2025-11-05 22:44:22.000000',0x4C9B6A5EBA5E11F0B98D00FF6B0014AE),(0x4CA0D54CBA5E11F0B98D00FF6B0014AE,'2025-11-05 22:44:22.000000',39,'59BH01339','ACTIVE','2025-11-05 22:44:22.000000',0x4C9B6A5EBA5E11F0B98D00FF6B0014AE),(0x4CA0F80ABA5E11F0B98D00FF6B0014AE,'2025-11-05 22:44:22.000000',40,'59BH01340','ACTIVE','2025-11-05 22:44:22.000000',0x4C9B6A5EBA5E11F0B98D00FF6B0014AE),(0x4CA13DB2BA5E11F0B98D00FF6B0014AE,'2025-11-05 22:44:22.000000',1,'59BH0141','ACTIVE','2025-11-05 22:44:22.000000',0x4CA1193CBA5E11F0B98D00FF6B0014AE),(0x4CA160CDBA5E11F0B98D00FF6B0014AE,'2025-11-05 22:44:22.000000',2,'59BH0142','ACTIVE','2025-11-05 22:44:22.000000',0x4CA1193CBA5E11F0B98D00FF6B0014AE),(0x4CA183D8BA5E11F0B98D00FF6B0014AE,'2025-11-05 22:44:22.000000',3,'59BH0143','ACTIVE','2025-11-05 22:44:22.000000',0x4CA1193CBA5E11F0B98D00FF6B0014AE),(0x4CA1A77CBA5E11F0B98D00FF6B0014AE,'2025-11-05 22:44:22.000000',4,'59BH0144','ACTIVE','2025-11-05 22:44:22.000000',0x4CA1193CBA5E11F0B98D00FF6B0014AE),(0x4CA1C664BA5E11F0B98D00FF6B0014AE,'2025-11-05 22:44:22.000000',5,'59BH0145','ACTIVE','2025-11-05 22:44:22.000000',0x4CA1193CBA5E11F0B98D00FF6B0014AE),(0x4CA1E98BBA5E11F0B98D00FF6B0014AE,'2025-11-05 22:44:22.000000',6,'59BH0146','ACTIVE','2025-11-05 22:44:22.000000',0x4CA1193CBA5E11F0B98D00FF6B0014AE),(0x4CA20C6ABA5E11F0B98D00FF6B0014AE,'2025-11-05 22:44:22.000000',7,'59BH0147','ACTIVE','2025-11-05 22:44:22.000000',0x4CA1193CBA5E11F0B98D00FF6B0014AE),(0x4CA2329BBA5E11F0B98D00FF6B0014AE,'2025-11-05 22:44:22.000000',8,'59BH0148','ACTIVE','2025-11-05 22:44:22.000000',0x4CA1193CBA5E11F0B98D00FF6B0014AE),(0x4CA25892BA5E11F0B98D00FF6B0014AE,'2025-11-05 22:44:22.000000',9,'59BH0149','ACTIVE','2025-11-05 22:44:22.000000',0x4CA1193CBA5E11F0B98D00FF6B0014AE),(0x4CA27AB7BA5E11F0B98D00FF6B0014AE,'2025-11-05 22:44:22.000000',10,'59BH01410','ACTIVE','2025-11-05 22:44:22.000000',0x4CA1193CBA5E11F0B98D00FF6B0014AE),(0x4CA29E6FBA5E11F0B98D00FF6B0014AE,'2025-11-05 22:44:22.000000',11,'59BH01411','ACTIVE','2025-11-05 22:44:22.000000',0x4CA1193CBA5E11F0B98D00FF6B0014AE),(0x4CA2C479BA5E11F0B98D00FF6B0014AE,'2025-11-05 22:44:22.000000',12,'59BH01412','ACTIVE','2025-11-05 22:44:22.000000',0x4CA1193CBA5E11F0B98D00FF6B0014AE),(0x4CA2E773BA5E11F0B98D00FF6B0014AE,'2025-11-05 22:44:22.000000',13,'59BH01413','ACTIVE','2025-11-05 22:44:22.000000',0x4CA1193CBA5E11F0B98D00FF6B0014AE),(0x4CA319CEBA5E11F0B98D00FF6B0014AE,'2025-11-05 22:44:22.000000',14,'59BH01414','ACTIVE','2025-11-05 22:44:22.000000',0x4CA1193CBA5E11F0B98D00FF6B0014AE),(0x4CA33AEABA5E11F0B98D00FF6B0014AE,'2025-11-05 22:44:22.000000',15,'59BH01415','ACTIVE','2025-11-05 22:44:22.000000',0x4CA1193CBA5E11F0B98D00FF6B0014AE),(0x4CA35F14BA5E11F0B98D00FF6B0014AE,'2025-11-05 22:44:22.000000',16,'59BH01416','ACTIVE','2025-11-05 22:44:22.000000',0x4CA1193CBA5E11F0B98D00FF6B0014AE),(0x4CA383A5BA5E11F0B98D00FF6B0014AE,'2025-11-05 22:44:22.000000',17,'59BH01417','ACTIVE','2025-11-05 22:44:22.000000',0x4CA1193CBA5E11F0B98D00FF6B0014AE),(0x4CA3A856BA5E11F0B98D00FF6B0014AE,'2025-11-05 22:44:22.000000',18,'59BH01418','ACTIVE','2025-11-05 22:44:22.000000',0x4CA1193CBA5E11F0B98D00FF6B0014AE),(0x4CA3CC0CBA5E11F0B98D00FF6B0014AE,'2025-11-05 22:44:22.000000',19,'59BH01419','ACTIVE','2025-11-05 22:44:22.000000',0x4CA1193CBA5E11F0B98D00FF6B0014AE),(0x4CA3EC3FBA5E11F0B98D00FF6B0014AE,'2025-11-05 22:44:22.000000',20,'59BH01420','ACTIVE','2025-11-05 22:44:22.000000',0x4CA1193CBA5E11F0B98D00FF6B0014AE),(0x4CA41862BA5E11F0B98D00FF6B0014AE,'2025-11-05 22:44:22.000000',21,'59BH01421','ACTIVE','2025-11-05 22:44:22.000000',0x4CA1193CBA5E11F0B98D00FF6B0014AE),(0x4CA43CD5BA5E11F0B98D00FF6B0014AE,'2025-11-05 22:44:22.000000',22,'59BH01422','ACTIVE','2025-11-05 22:44:22.000000',0x4CA1193CBA5E11F0B98D00FF6B0014AE),(0x4CA461B5BA5E11F0B98D00FF6B0014AE,'2025-11-05 22:44:22.000000',23,'59BH01423','ACTIVE','2025-11-05 22:44:22.000000',0x4CA1193CBA5E11F0B98D00FF6B0014AE),(0x4CA48A52BA5E11F0B98D00FF6B0014AE,'2025-11-05 22:44:22.000000',24,'59BH01424','ACTIVE','2025-11-05 22:44:22.000000',0x4CA1193CBA5E11F0B98D00FF6B0014AE),(0x4CA4B2AFBA5E11F0B98D00FF6B0014AE,'2025-11-05 22:44:22.000000',25,'59BH01425','ACTIVE','2025-11-05 22:44:22.000000',0x4CA1193CBA5E11F0B98D00FF6B0014AE),(0x4CA4D9F8BA5E11F0B98D00FF6B0014AE,'2025-11-05 22:44:22.000000',26,'59BH01426','ACTIVE','2025-11-05 22:44:22.000000',0x4CA1193CBA5E11F0B98D00FF6B0014AE),(0x4CA4FE4CBA5E11F0B98D00FF6B0014AE,'2025-11-05 22:44:22.000000',27,'59BH01427','ACTIVE','2025-11-05 22:44:22.000000',0x4CA1193CBA5E11F0B98D00FF6B0014AE),(0x4CA526B6BA5E11F0B98D00FF6B0014AE,'2025-11-05 22:44:22.000000',28,'59BH01428','ACTIVE','2025-11-05 22:44:22.000000',0x4CA1193CBA5E11F0B98D00FF6B0014AE),(0x4CA54B2DBA5E11F0B98D00FF6B0014AE,'2025-11-05 22:44:22.000000',29,'59BH01429','ACTIVE','2025-11-05 22:44:22.000000',0x4CA1193CBA5E11F0B98D00FF6B0014AE),(0x4CA56DA4BA5E11F0B98D00FF6B0014AE,'2025-11-05 22:44:22.000000',30,'59BH01430','ACTIVE','2025-11-05 22:44:22.000000',0x4CA1193CBA5E11F0B98D00FF6B0014AE),(0x4CA591E8BA5E11F0B98D00FF6B0014AE,'2025-11-05 22:44:22.000000',31,'59BH01431','ACTIVE','2025-11-05 22:44:22.000000',0x4CA1193CBA5E11F0B98D00FF6B0014AE),(0x4CA5B795BA5E11F0B98D00FF6B0014AE,'2025-11-05 22:44:22.000000',32,'59BH01432','ACTIVE','2025-11-05 22:44:22.000000',0x4CA1193CBA5E11F0B98D00FF6B0014AE),(0x4CA5DA96BA5E11F0B98D00FF6B0014AE,'2025-11-05 22:44:22.000000',33,'59BH01433','ACTIVE','2025-11-05 22:44:22.000000',0x4CA1193CBA5E11F0B98D00FF6B0014AE),(0x4CA5FD48BA5E11F0B98D00FF6B0014AE,'2025-11-05 22:44:22.000000',34,'59BH01434','ACTIVE','2025-11-05 22:44:22.000000',0x4CA1193CBA5E11F0B98D00FF6B0014AE),(0x4CA61DB1BA5E11F0B98D00FF6B0014AE,'2025-11-05 22:44:22.000000',35,'59BH01435','ACTIVE','2025-11-05 22:44:22.000000',0x4CA1193CBA5E11F0B98D00FF6B0014AE),(0x4CA645BEBA5E11F0B98D00FF6B0014AE,'2025-11-05 22:44:22.000000',36,'59BH01436','ACTIVE','2025-11-05 22:44:22.000000',0x4CA1193CBA5E11F0B98D00FF6B0014AE),(0x4CA66975BA5E11F0B98D00FF6B0014AE,'2025-11-05 22:44:22.000000',37,'59BH01437','ACTIVE','2025-11-05 22:44:22.000000',0x4CA1193CBA5E11F0B98D00FF6B0014AE),(0x4CA68E99BA5E11F0B98D00FF6B0014AE,'2025-11-05 22:44:22.000000',38,'59BH01438','ACTIVE','2025-11-05 22:44:22.000000',0x4CA1193CBA5E11F0B98D00FF6B0014AE),(0x4CA6B238BA5E11F0B98D00FF6B0014AE,'2025-11-05 22:44:22.000000',39,'59BH01439','ACTIVE','2025-11-05 22:44:22.000000',0x4CA1193CBA5E11F0B98D00FF6B0014AE),(0x4CA6D4FCBA5E11F0B98D00FF6B0014AE,'2025-11-05 22:44:22.000000',40,'59BH01440','ACTIVE','2025-11-05 22:44:22.000000',0x4CA1193CBA5E11F0B98D00FF6B0014AE),(0x4CA72418BA5E11F0B98D00FF6B0014AE,'2025-11-05 22:44:22.000000',1,'59BH0151','ACTIVE','2025-11-05 22:44:22.000000',0x4CA6FD7EBA5E11F0B98D00FF6B0014AE),(0x4CA748FEBA5E11F0B98D00FF6B0014AE,'2025-11-05 22:44:22.000000',2,'59BH0152','ACTIVE','2025-11-05 22:44:22.000000',0x4CA6FD7EBA5E11F0B98D00FF6B0014AE),(0x4CA76DEABA5E11F0B98D00FF6B0014AE,'2025-11-05 22:44:22.000000',3,'59BH0153','ACTIVE','2025-11-05 22:44:22.000000',0x4CA6FD7EBA5E11F0B98D00FF6B0014AE),(0x4CA79377BA5E11F0B98D00FF6B0014AE,'2025-11-05 22:44:22.000000',4,'59BH0154','ACTIVE','2025-11-05 22:44:22.000000',0x4CA6FD7EBA5E11F0B98D00FF6B0014AE),(0x4CA7B4DCBA5E11F0B98D00FF6B0014AE,'2025-11-05 22:44:22.000000',5,'59BH0155','ACTIVE','2025-11-05 22:44:22.000000',0x4CA6FD7EBA5E11F0B98D00FF6B0014AE),(0x4CA7D87EBA5E11F0B98D00FF6B0014AE,'2025-11-05 22:44:22.000000',6,'59BH0156','ACTIVE','2025-11-05 22:44:22.000000',0x4CA6FD7EBA5E11F0B98D00FF6B0014AE),(0x4CA7FB97BA5E11F0B98D00FF6B0014AE,'2025-11-05 22:44:22.000000',7,'59BH0157','ACTIVE','2025-11-05 22:44:22.000000',0x4CA6FD7EBA5E11F0B98D00FF6B0014AE),(0x4CA81F21BA5E11F0B98D00FF6B0014AE,'2025-11-05 22:44:22.000000',8,'59BH0158','ACTIVE','2025-11-05 22:44:22.000000',0x4CA6FD7EBA5E11F0B98D00FF6B0014AE),(0x4CA84219BA5E11F0B98D00FF6B0014AE,'2025-11-05 22:44:22.000000',9,'59BH0159','ACTIVE','2025-11-05 22:44:22.000000',0x4CA6FD7EBA5E11F0B98D00FF6B0014AE),(0x4CA86186BA5E11F0B98D00FF6B0014AE,'2025-11-05 22:44:22.000000',10,'59BH01510','ACTIVE','2025-11-05 22:44:22.000000',0x4CA6FD7EBA5E11F0B98D00FF6B0014AE),(0x4CA8854EBA5E11F0B98D00FF6B0014AE,'2025-11-05 22:44:22.000000',11,'59BH01511','ACTIVE','2025-11-05 22:44:22.000000',0x4CA6FD7EBA5E11F0B98D00FF6B0014AE),(0x4CA8AA00BA5E11F0B98D00FF6B0014AE,'2025-11-05 22:44:22.000000',12,'59BH01512','ACTIVE','2025-11-05 22:44:22.000000',0x4CA6FD7EBA5E11F0B98D00FF6B0014AE),(0x4CA8CD54BA5E11F0B98D00FF6B0014AE,'2025-11-05 22:44:22.000000',13,'59BH01513','ACTIVE','2025-11-05 22:44:22.000000',0x4CA6FD7EBA5E11F0B98D00FF6B0014AE),(0x4CA8F0CDBA5E11F0B98D00FF6B0014AE,'2025-11-05 22:44:22.000000',14,'59BH01514','ACTIVE','2025-11-05 22:44:22.000000',0x4CA6FD7EBA5E11F0B98D00FF6B0014AE),(0x4CA9109DBA5E11F0B98D00FF6B0014AE,'2025-11-05 22:44:22.000000',15,'59BH01515','ACTIVE','2025-11-05 22:44:22.000000',0x4CA6FD7EBA5E11F0B98D00FF6B0014AE),(0x4CA9333CBA5E11F0B98D00FF6B0014AE,'2025-11-05 22:44:22.000000',16,'59BH01516','ACTIVE','2025-11-05 22:44:22.000000',0x4CA6FD7EBA5E11F0B98D00FF6B0014AE),(0x4CA960B2BA5E11F0B98D00FF6B0014AE,'2025-11-05 22:44:22.000000',17,'59BH01517','ACTIVE','2025-11-05 22:44:22.000000',0x4CA6FD7EBA5E11F0B98D00FF6B0014AE),(0x4CA98AD0BA5E11F0B98D00FF6B0014AE,'2025-11-05 22:44:22.000000',18,'59BH01518','ACTIVE','2025-11-05 22:44:22.000000',0x4CA6FD7EBA5E11F0B98D00FF6B0014AE),(0x4CA9B3EBBA5E11F0B98D00FF6B0014AE,'2025-11-05 22:44:22.000000',19,'59BH01519','ACTIVE','2025-11-05 22:44:22.000000',0x4CA6FD7EBA5E11F0B98D00FF6B0014AE),(0x4CA9D570BA5E11F0B98D00FF6B0014AE,'2025-11-05 22:44:22.000000',20,'59BH01520','ACTIVE','2025-11-05 22:44:22.000000',0x4CA6FD7EBA5E11F0B98D00FF6B0014AE),(0x4CA9F90CBA5E11F0B98D00FF6B0014AE,'2025-11-05 22:44:22.000000',21,'59BH01521','ACTIVE','2025-11-05 22:44:22.000000',0x4CA6FD7EBA5E11F0B98D00FF6B0014AE),(0x4CAA2FF5BA5E11F0B98D00FF6B0014AE,'2025-11-05 22:44:22.000000',22,'59BH01522','ACTIVE','2025-11-05 22:44:22.000000',0x4CA6FD7EBA5E11F0B98D00FF6B0014AE),(0x4CAA5A38BA5E11F0B98D00FF6B0014AE,'2025-11-05 22:44:22.000000',23,'59BH01523','ACTIVE','2025-11-05 22:44:22.000000',0x4CA6FD7EBA5E11F0B98D00FF6B0014AE),(0x4CAA7D66BA5E11F0B98D00FF6B0014AE,'2025-11-05 22:44:22.000000',24,'59BH01524','ACTIVE','2025-11-05 22:44:22.000000',0x4CA6FD7EBA5E11F0B98D00FF6B0014AE),(0x4CAA9E31BA5E11F0B98D00FF6B0014AE,'2025-11-05 22:44:22.000000',25,'59BH01525','ACTIVE','2025-11-05 22:44:22.000000',0x4CA6FD7EBA5E11F0B98D00FF6B0014AE),(0x4CAAC794BA5E11F0B98D00FF6B0014AE,'2025-11-05 22:44:22.000000',26,'59BH01526','ACTIVE','2025-11-05 22:44:22.000000',0x4CA6FD7EBA5E11F0B98D00FF6B0014AE),(0x4CAAEBE8BA5E11F0B98D00FF6B0014AE,'2025-11-05 22:44:22.000000',27,'59BH01527','ACTIVE','2025-11-05 22:44:22.000000',0x4CA6FD7EBA5E11F0B98D00FF6B0014AE),(0x4CAB0F2BBA5E11F0B98D00FF6B0014AE,'2025-11-05 22:44:22.000000',28,'59BH01528','ACTIVE','2025-11-05 22:44:22.000000',0x4CA6FD7EBA5E11F0B98D00FF6B0014AE),(0x4CAB3227BA5E11F0B98D00FF6B0014AE,'2025-11-05 22:44:22.000000',29,'59BH01529','ACTIVE','2025-11-05 22:44:22.000000',0x4CA6FD7EBA5E11F0B98D00FF6B0014AE),(0x4CAB54C5BA5E11F0B98D00FF6B0014AE,'2025-11-05 22:44:22.000000',30,'59BH01530','ACTIVE','2025-11-05 22:44:22.000000',0x4CA6FD7EBA5E11F0B98D00FF6B0014AE),(0x4CAB77C3BA5E11F0B98D00FF6B0014AE,'2025-11-05 22:44:22.000000',31,'59BH01531','ACTIVE','2025-11-05 22:44:22.000000',0x4CA6FD7EBA5E11F0B98D00FF6B0014AE),(0x4CAB9AAABA5E11F0B98D00FF6B0014AE,'2025-11-05 22:44:22.000000',32,'59BH01532','ACTIVE','2025-11-05 22:44:22.000000',0x4CA6FD7EBA5E11F0B98D00FF6B0014AE),(0x4CABC348BA5E11F0B98D00FF6B0014AE,'2025-11-05 22:44:22.000000',33,'59BH01533','ACTIVE','2025-11-05 22:44:22.000000',0x4CA6FD7EBA5E11F0B98D00FF6B0014AE),(0x4CABE92ABA5E11F0B98D00FF6B0014AE,'2025-11-05 22:44:22.000000',34,'59BH01534','ACTIVE','2025-11-05 22:44:22.000000',0x4CA6FD7EBA5E11F0B98D00FF6B0014AE),(0x4CAC094EBA5E11F0B98D00FF6B0014AE,'2025-11-05 22:44:22.000000',35,'59BH01535','ACTIVE','2025-11-05 22:44:22.000000',0x4CA6FD7EBA5E11F0B98D00FF6B0014AE),(0x4CAC2C58BA5E11F0B98D00FF6B0014AE,'2025-11-05 22:44:22.000000',36,'59BH01536','ACTIVE','2025-11-05 22:44:22.000000',0x4CA6FD7EBA5E11F0B98D00FF6B0014AE),(0x4CAC4F64BA5E11F0B98D00FF6B0014AE,'2025-11-05 22:44:22.000000',37,'59BH01537','ACTIVE','2025-11-05 22:44:22.000000',0x4CA6FD7EBA5E11F0B98D00FF6B0014AE),(0x4CAC71E3BA5E11F0B98D00FF6B0014AE,'2025-11-05 22:44:22.000000',38,'59BH01538','ACTIVE','2025-11-05 22:44:22.000000',0x4CA6FD7EBA5E11F0B98D00FF6B0014AE),(0x4CAC951DBA5E11F0B98D00FF6B0014AE,'2025-11-05 22:44:22.000000',39,'59BH01539','ACTIVE','2025-11-05 22:44:22.000000',0x4CA6FD7EBA5E11F0B98D00FF6B0014AE),(0x4CACB4C1BA5E11F0B98D00FF6B0014AE,'2025-11-05 22:44:22.000000',40,'59BH01540','ACTIVE','2025-11-05 22:44:22.000000',0x4CA6FD7EBA5E11F0B98D00FF6B0014AE);
/*!40000 ALTER TABLE `seats` ENABLE KEYS */;
UNLOCK TABLES;

--
-- Table structure for table `stops`
--

DROP TABLE IF EXISTS `stops`;
/*!40101 SET @saved_cs_client     = @@character_set_client */;
/*!50503 SET character_set_client = utf8mb4 */;
CREATE TABLE `stops` (
  `id` binary(16) NOT NULL,
  `active` bit(1) NOT NULL,
  `address` varchar(511) DEFAULT NULL,
  `allow_dropoff` bit(1) NOT NULL,
  `allow_pickup` bit(1) NOT NULL,
  `created_at` datetime(6) NOT NULL,
  `is_bus_station` bit(1) NOT NULL,
  `name` varchar(255) NOT NULL,
  `updated_at` datetime(6) DEFAULT NULL,
  `province_id` binary(16) DEFAULT NULL,
  `ward_id` binary(16) DEFAULT NULL,
  PRIMARY KEY (`id`),
  KEY `FKtemjkpyf5qm5aw68gbqxwvm9v` (`province_id`),
  KEY `FK8h5781df6ohnp3m5cgbvmpbi3` (`ward_id`),
  CONSTRAINT `FK8h5781df6ohnp3m5cgbvmpbi3` FOREIGN KEY (`ward_id`) REFERENCES `wards` (`id`),
  CONSTRAINT `FKtemjkpyf5qm5aw68gbqxwvm9v` FOREIGN KEY (`province_id`) REFERENCES `provinces` (`id`)
) ENGINE=InnoDB DEFAULT CHARSET=utf8mb4 COLLATE=utf8mb4_0900_ai_ci;
/*!40101 SET character_set_client = @saved_cs_client */;

--
-- Dumping data for table `stops`
--

LOCK TABLES `stops` WRITE;
/*!40000 ALTER TABLE `stops` DISABLE KEYS */;
INSERT INTO `stops` VALUES (0x4CACD938BA5E11F0B98D00FF6B0014AE,0x01,'số 1 Tỉnh Đắk Lắk',0x01,0x01,'2025-11-05 22:44:22.000000',0x01,'Bến xe Tỉnh Đắk Lắk','2025-11-05 22:44:22.000000',0x01202B3E201879202020202013015F20,NULL),(0x4CAD0629BA5E11F0B98D00FF6B0014AE,0x01,'số 2 Tỉnh Quảng Trị',0x01,0x01,'2025-11-05 22:44:22.000000',0x01,'Bến xe Tỉnh Quảng Trị','2025-11-05 22:44:22.000000',0x01202B3E2018754E202B206C3F252000,NULL),(0x4CAD3D9BBA5E11F0B98D00FF6B0014AE,0x01,'số 3 Tỉnh Điện Biên',0x01,0x01,'2025-11-05 22:44:22.000000',0x01,'Bến xe Tỉnh Điện Biên','2025-11-05 22:44:22.000000',0x01202B3E2013791C20202A201B206E20,NULL),(0x4CAD6539BA5E11F0B98D00FF6B0014AE,0x01,'số 4 Tỉnh Cà Mau',0x01,0x01,'2025-11-05 22:44:22.000000',0x01,'Bến xe Tỉnh Cà Mau','2025-11-05 22:44:22.000000',0x01202B3E201878202042172020332020,NULL),(0x4CAD8EFEBA5E11F0B98D00FF6B0014AE,0x01,'số 5 Tỉnh Phú Thọ',0x01,0x01,'2025-11-05 22:44:22.000000',0x01,'Bến xe Tỉnh Phú Thọ','2025-11-05 22:44:22.000000',0x01202B3E20187ACA9D20203D20152008,NULL),(0x4CADB7E1BA5E11F0B98D00FF6B0014AE,0x01,'số 6 Thành phố Huế',0x01,0x01,'2025-11-05 22:44:22.000000',0x01,'Bến xe Thành phố Huế','2025-11-05 22:44:22.000000',0x01202B3E2018784D203B5326506B3C6F,NULL),(0x4CADE156BA5E11F0B98D00FF6B0014AE,0x01,'số 7 Thành phố Đà Nẵng',0x01,0x01,'2025-11-05 22:44:22.000000',0x01,'Bến xe Thành phố Đà Nẵng','2025-11-05 22:44:22.000000',0x01202B3E20187A2020053F2020204820,NULL),(0x4CAE0B2BBA5E11F0B98D00FF6B0014AE,0x01,'số 8 Thành phố Hà Nội',0x01,0x01,'2025-11-05 22:44:22.000000',0x01,'Bến xe Thành phố Hà Nội','2025-11-05 22:44:22.000000',0x01202B3E200C7CCF93582020281E0221,NULL),(0x4CAE3941BA5E11F0B98D00FF6B0014AE,0x01,'số 9 Tỉnh Thái Nguyên',0x01,0x01,'2025-11-05 22:44:22.000000',0x01,'Bến xe Tỉnh Thái Nguyên','2025-11-05 22:44:22.000000',0x01202B3E201372202006202059102937,NULL),(0x4CAE695BBA5E11F0B98D00FF6B0014AE,0x01,'số 10 Tỉnh Lai Châu',0x01,0x01,'2025-11-05 22:44:22.000000',0x01,'Bến xe Tỉnh Lai Châu','2025-11-05 22:44:22.000000',0x01202B3E20137260202019204E652520,NULL),(0x4CAE9575BA5E11F0B98D00FF6B0014AE,0x01,'số 11 Thành phố Cần Thơ',0x01,0x01,'2025-11-05 22:44:22.000000',0x01,'Bến xe Thành phố Cần Thơ','2025-11-05 22:44:22.000000',0x01202B3E2018740A20444A16204F202A,NULL),(0x4CAEC104BA5E11F0B98D00FF6B0014AE,0x01,'số 12 Tỉnh Sơn La',0x01,0x01,'2025-11-05 22:44:22.000000',0x01,'Bến xe Tỉnh Sơn La','2025-11-05 22:44:22.000000',0x01202B3E2013722056637020C69B2000,NULL),(0x4CAEEAE2BA5E11F0B98D00FF6B0014AE,0x01,'số 13 Tỉnh Vĩnh Long',0x01,0x01,'2025-11-05 22:44:22.000000',0x01,'Bến xe Tỉnh Vĩnh Long','2025-11-05 22:44:22.000000',0x01202B3E20187E1E2020362040302020,NULL),(0x4CAF15F0BA5E11F0B98D00FF6B0014AE,0x01,'số 14 Tỉnh Cao Bằng',0x01,0x01,'2025-11-05 22:44:22.000000',0x01,'Bến xe Tỉnh Cao Bằng','2025-11-05 22:44:22.000000',0x01202B3E20137A602030202F57202920,NULL),(0x4CAF3E8CBA5E11F0B98D00FF6B0014AE,0x01,'số 15 Thành phố Hồ Chí Minh',0x01,0x01,'2025-11-05 22:44:22.000000',0x01,'Bến xe Thành phố Hồ Chí Minh','2025-11-05 22:44:22.000000',0x01202B3E201873432020126F20661720,NULL),(0x4CAF6AD0BA5E11F0B98D00FF6B0014AE,0x01,'số 16 Tỉnh Gia Lai',0x01,0x01,'2025-11-05 22:44:22.000000',0x01,'Bến xe Tỉnh Gia Lai','2025-11-05 22:44:22.000000',0x01202B3E20187E2020202048427A2020,NULL),(0x4CAF931ABA5E11F0B98D00FF6B0014AE,0x01,'số 17 Tỉnh Quảng Ninh',0x01,0x01,'2025-11-05 22:44:22.000000',0x01,'Bến xe Tỉnh Quảng Ninh','2025-11-05 22:44:22.000000',0x01202B3E201374201A592020203D7200,NULL),(0x4CAFBD79BA5E11F0B98D00FF6B0014AE,0x01,'số 18 Tỉnh Bắc Ninh',0x01,0x01,'2025-11-05 22:44:22.000000',0x01,'Bến xe Tỉnh Bắc Ninh','2025-11-05 22:44:22.000000',0x01202B3E2018736720112020CC8E4677,NULL),(0x4CAFE5BBBA5E11F0B98D00FF6B0014AE,0x01,'số 19 Tỉnh Quảng Ngãi',0x01,0x01,'2025-11-05 22:44:22.000000',0x01,'Bến xe Tỉnh Quảng Ngãi','2025-11-05 22:44:22.000000',0x01202B3E201876202020207C20202020,NULL),(0x4CB01325BA5E11F0B98D00FF6B0014AE,0x01,'số 20 Tỉnh Thanh Hóa',0x01,0x01,'2025-11-05 22:44:22.000000',0x01,'Bến xe Tỉnh Thanh Hóa','2025-11-05 22:44:22.000000',0x01202B3E20187B4A202020206D201B7B,NULL),(0x4CB03D06BA5E11F0B98D00FF6B0014AE,0x01,'số 21 Tỉnh Đồng Nai',0x01,0x01,'2025-11-05 22:44:22.000000',0x01,'Bến xe Tỉnh Đồng Nai','2025-11-05 22:44:22.000000',0x01202B3E2018797720204E2020200000,NULL),(0x4CB06B13BA5E11F0B98D00FF6B0014AE,0x01,'số 22 Tỉnh Hưng Yên',0x01,0x01,'2025-11-05 22:44:22.000000',0x01,'Bến xe Tỉnh Hưng Yên','2025-11-05 22:44:22.000000',0x01202B3E20187820202020612020201D,NULL),(0x4CB09BF4BA5E11F0B98D00FF6B0014AE,0x01,'số 23 Tỉnh Khánh Hòa',0x01,0x01,'2025-11-05 22:44:22.000000',0x01,'Bến xe Tỉnh Khánh Hòa','2025-11-05 22:44:22.000000',0x01202B3E201874D1A420D4951B48205C,NULL),(0x4CB0CC33BA5E11F0B98D00FF6B0014AE,0x01,'số 24 Thành phố Hải Phòng',0x01,0x01,'2025-11-05 22:44:22.000000',0x01,'Bến xe Thành phố Hải Phòng','2025-11-05 22:44:22.000000',0x01202B3E2018712003CA9A7420216500,NULL),(0x4CB0FB81BA5E11F0B98D00FF6B0014AE,0x01,'số 25 Tỉnh Hà Tĩnh',0x01,0x01,'2025-11-05 22:44:22.000000',0x01,'Bến xe Tỉnh Hà Tĩnh','2025-11-05 22:44:22.000000',0x01202B3E20187820204820202420203B,NULL),(0x4CB12AC9BA5E11F0B98D00FF6B0014AE,0x01,'số 26 Tỉnh Tây Ninh',0x01,0x01,'2025-11-05 22:44:22.000000',0x01,'Bến xe Tỉnh Tây Ninh','2025-11-05 22:44:22.000000',0x01202B3E20187020205220CDBC20203B,NULL),(0x4CB15862BA5E11F0B98D00FF6B0014AE,0x01,'số 27 Tỉnh Đồng Tháp',0x01,0x01,'2025-11-05 22:44:22.000000',0x01,'Bến xe Tỉnh Đồng Tháp','2025-11-05 22:44:22.000000',0x01202B3E20187F4E20207D4D357E2020,NULL),(0x4CB1809ABA5E11F0B98D00FF6B0014AE,0x01,'số 28 Tỉnh Ninh Bình',0x01,0x01,'2025-11-05 22:44:22.000000',0x01,'Bến xe Tỉnh Ninh Bình','2025-11-05 22:44:22.000000',0x01202B3E201874412020082051202920,NULL),(0x4CB1A910BA5E11F0B98D00FF6B0014AE,0x01,'số 29 Tỉnh Lào Cai',0x01,0x01,'2025-11-05 22:44:22.000000',0x01,'Bến xe Tỉnh Lào Cai','2025-11-05 22:44:22.000000',0x01202B3E20137F5F201529780A202022,NULL),(0x4CB1D10CBA5E11F0B98D00FF6B0014AE,0x01,'số 30 Tỉnh Lạng Sơn',0x01,0x01,'2025-11-05 22:44:22.000000',0x01,'Bến xe Tỉnh Lạng Sơn','2025-11-05 22:44:22.000000',0x01202B3E20137A302020202020200A52,NULL),(0x4CB1F8E6BA5E11F0B98D00FF6B0014AE,0x01,'số 31 Tỉnh Nghệ An',0x01,0x01,'2025-11-05 22:44:22.000000',0x01,'Bến xe Tỉnh Nghệ An','2025-11-05 22:44:22.000000',0x01202B3E201873202020202074202020,NULL),(0x4CB2265ABA5E11F0B98D00FF6B0014AE,0x01,'số 32 Tỉnh An Giang',0x01,0x01,'2025-11-05 22:44:22.000000',0x01,'Bến xe Tỉnh An Giang','2025-11-05 22:44:22.000000',0x01202B3E20187E4E204B6C2020442020,NULL),(0x4CB2503CBA5E11F0B98D00FF6B0014AE,0x01,'số 33 Tỉnh Tuyên Quang',0x01,0x01,'2025-11-05 22:44:22.000000',0x01,'Bến xe Tỉnh Tuyên Quang','2025-11-05 22:44:22.000000',0x01202B3E20137FC5B9310C1667201C0E,NULL),(0x4CB27C52BA5E11F0B98D00FF6B0014AE,0x01,'số 34 Tỉnh Lâm Đồng',0x01,0x01,'2025-11-05 22:44:22.000000',0x01,'Bến xe Tỉnh Lâm Đồng','2025-11-05 22:44:22.000000',0x01202B3E2018712020442020522A2000,NULL);
/*!40000 ALTER TABLE `stops` ENABLE KEYS */;
UNLOCK TABLES;

--
-- Table structure for table `trips`
--

DROP TABLE IF EXISTS `trips`;
/*!40101 SET @saved_cs_client     = @@character_set_client */;
/*!50503 SET character_set_client = utf8mb4 */;
CREATE TABLE `trips` (
  `id` binary(16) NOT NULL,
  `actual_arrival_time` datetime(6) DEFAULT NULL,
  `actual_departure_time` datetime(6) DEFAULT NULL,
  `created_at` datetime(6) DEFAULT NULL,
  `driver` binary(16) DEFAULT NULL,
  `note` varchar(255) DEFAULT NULL,
  `price` decimal(10,2) NOT NULL,
  `scheduled_arrival_time` datetime(6) DEFAULT NULL,
  `scheduled_departure_time` datetime(6) NOT NULL,
  `status` enum('CANCELLED','COMPLETED','DELAYED','ONGOING','SCHEDULED') NOT NULL,
  `updated_at` datetime(6) DEFAULT NULL,
  `route_id` binary(16) NOT NULL,
  `vehicle_id` binary(16) NOT NULL,
  PRIMARY KEY (`id`),
  KEY `FKm7ci3blm9wj2k0d94chu18y7s` (`route_id`),
  KEY `FKqahsaodjirbk4if91c9bfnlgg` (`vehicle_id`),
  CONSTRAINT `FKm7ci3blm9wj2k0d94chu18y7s` FOREIGN KEY (`route_id`) REFERENCES `routes` (`id`),
  CONSTRAINT `FKqahsaodjirbk4if91c9bfnlgg` FOREIGN KEY (`vehicle_id`) REFERENCES `vehicles` (`id`)
) ENGINE=InnoDB DEFAULT CHARSET=utf8mb4 COLLATE=utf8mb4_0900_ai_ci;
/*!40101 SET character_set_client = @saved_cs_client */;

--
-- Dumping data for table `trips`
--

LOCK TABLES `trips` WRITE;
/*!40000 ALTER TABLE `trips` DISABLE KEYS */;
INSERT INTO `trips` VALUES (0x12B97984BA6811F0B98D00FF6B0014AE,NULL,NULL,'2025-11-05 23:54:20.000000',0x12B97A03BA6811F0B98D00FF6B0014AE,'',800000.00,'2025-11-04 14:00:00.000000','2025-11-06 14:00:00.000000','SCHEDULED','2025-11-05 23:54:20.000000',0xF9853AF0BA6211F0B98D00FF6B0014AE,0x4C4DD70BBA5E11F0B98D00FF6B0014AE),(0x16F158CBBA6911F0B98D00FF6B0014AE,NULL,NULL,'2025-11-06 00:01:36.000000',0x16F1592BBA6911F0B98D00FF6B0014AE,'',800000.00,'2025-11-04 14:00:00.000000','2025-11-06 14:00:00.000000','SCHEDULED','2025-11-06 00:01:36.000000',0x16EC8705BA6311F0B98D00FF6B0014AE,0x4C58D802BA5E11F0B98D00FF6B0014AE),(0x16F164C2BA6911F0B98D00FF6B0014AE,NULL,NULL,'2025-11-06 00:01:36.000000',0x16F164D7BA6911F0B98D00FF6B0014AE,'',800000.00,'2025-11-07 14:00:00.000000','2025-11-09 14:00:00.000000','SCHEDULED','2025-11-06 00:01:36.000000',0xF9853AF0BA6211F0B98D00FF6B0014AE,0x4C58D802BA5E11F0B98D00FF6B0014AE),(0x16F16B0CBA6911F0B98D00FF6B0014AE,NULL,NULL,'2025-11-06 00:01:36.000000',0x16F16B1FBA6911F0B98D00FF6B0014AE,'',800000.00,'2025-11-07 14:00:00.000000','2025-11-09 14:00:00.000000','SCHEDULED','2025-11-06 00:01:36.000000',0x16EC8705BA6311F0B98D00FF6B0014AE,0x4C4DD70BBA5E11F0B98D00FF6B0014AE),(0x64B8849ABA6911F0B98D00FF6B0014AE,NULL,NULL,'2025-11-06 00:03:47.000000',0x64B884F1BA6911F0B98D00FF6B0014AE,'',700000.00,'2025-11-04 14:00:00.000000','2025-11-06 10:00:00.000000','SCHEDULED','2025-11-06 00:03:47.000000',0x63348327BA6311F0B98D00FF6B0014AE,0x4C5F04E0BA5E11F0B98D00FF6B0014AE),(0x64B8947ABA6911F0B98D00FF6B0014AE,NULL,NULL,'2025-11-06 00:03:47.000000',0x64B894AABA6911F0B98D00FF6B0014AE,'',700000.00,'2025-11-04 14:00:00.000000','2025-11-06 10:00:00.000000','SCHEDULED','2025-11-06 00:03:47.000000',0x4E6D1F07BA6311F0B98D00FF6B0014AE,0x4C66C8E3BA5E11F0B98D00FF6B0014AE),(0x64B89B23BA6911F0B98D00FF6B0014AE,NULL,NULL,'2025-11-06 00:03:47.000000',0x64B89B4ABA6911F0B98D00FF6B0014AE,'',700000.00,'2025-11-07 14:00:00.000000','2025-11-09 10:00:00.000000','SCHEDULED','2025-11-06 00:03:47.000000',0x63348327BA6311F0B98D00FF6B0014AE,0x4C66C8E3BA5E11F0B98D00FF6B0014AE),(0x64B89FD3BA6911F0B98D00FF6B0014AE,NULL,NULL,'2025-11-06 00:03:47.000000',0x64B89FECBA6911F0B98D00FF6B0014AE,'',700000.00,'2025-11-07 14:00:00.000000','2025-11-09 10:00:00.000000','SCHEDULED','2025-11-06 00:03:47.000000',0x4E6D1F07BA6311F0B98D00FF6B0014AE,0x4C5F04E0BA5E11F0B98D00FF6B0014AE);
/*!40000 ALTER TABLE `trips` ENABLE KEYS */;
UNLOCK TABLES;

--
-- Table structure for table `vehicles`
--

DROP TABLE IF EXISTS `vehicles`;
/*!40101 SET @saved_cs_client     = @@character_set_client */;
/*!50503 SET character_set_client = utf8mb4 */;
CREATE TABLE `vehicles` (
  `id` binary(16) NOT NULL,
  `active` bit(1) NOT NULL,
  `active_seat_count` int NOT NULL,
  `created_at` datetime(6) DEFAULT NULL,
  `license_plate` varchar(20) NOT NULL,
  `seat_capacity` int NOT NULL,
  `status` enum('ACTIVE','INACTIVE','MAINTENANCE') NOT NULL,
  `vehicle_type` enum('BED','LIMOUSINE','SEAT') NOT NULL,
  `updated_at` datetime(6) DEFAULT NULL,
  PRIMARY KEY (`id`),
  UNIQUE KEY `UK9vovnbiegxevdhqfcwvp2g8pj` (`license_plate`)
) ENGINE=InnoDB DEFAULT CHARSET=utf8mb4 COLLATE=utf8mb4_0900_ai_ci;
/*!40101 SET character_set_client = @saved_cs_client */;

--
-- Dumping data for table `vehicles`
--

LOCK TABLES `vehicles` WRITE;
/*!40000 ALTER TABLE `vehicles` DISABLE KEYS */;
INSERT INTO `vehicles` VALUES (0x4C4DD70BBA5E11F0B98D00FF6B0014AE,0x01,40,'2025-11-05 22:44:21.000000','59BH 01',40,'ACTIVE','SEAT','2025-11-05 22:44:21.000000'),(0x4C58D802BA5E11F0B98D00FF6B0014AE,0x01,40,'2025-11-05 22:44:21.000000','59BH 02',40,'ACTIVE','SEAT','2025-11-05 22:44:21.000000'),(0x4C5F04E0BA5E11F0B98D00FF6B0014AE,0x01,40,'2025-11-05 22:44:21.000000','59BH 03',40,'ACTIVE','SEAT','2025-11-05 22:44:21.000000'),(0x4C66C8E3BA5E11F0B98D00FF6B0014AE,0x01,40,'2025-11-05 22:44:21.000000','59BH 04',40,'ACTIVE','SEAT','2025-11-05 22:44:21.000000'),(0x4C6C96A7BA5E11F0B98D00FF6B0014AE,0x01,40,'2025-11-05 22:44:22.000000','59BH 05',40,'ACTIVE','SEAT','2025-11-05 22:44:22.000000'),(0x4C726FCBBA5E11F0B98D00FF6B0014AE,0x01,40,'2025-11-05 22:44:22.000000','59BH 06',40,'ACTIVE','SEAT','2025-11-05 22:44:22.000000'),(0x4C782F93BA5E11F0B98D00FF6B0014AE,0x01,40,'2025-11-05 22:44:22.000000','59BH 07',40,'ACTIVE','SEAT','2025-11-05 22:44:22.000000'),(0x4C7E16FEBA5E11F0B98D00FF6B0014AE,0x01,40,'2025-11-05 22:44:22.000000','59BH 08',40,'ACTIVE','SEAT','2025-11-05 22:44:22.000000'),(0x4C8411DDBA5E11F0B98D00FF6B0014AE,0x01,40,'2025-11-05 22:44:22.000000','59BH 09',40,'ACTIVE','SEAT','2025-11-05 22:44:22.000000'),(0x4C89CD7DBA5E11F0B98D00FF6B0014AE,0x01,40,'2025-11-05 22:44:22.000000','59BH 010',40,'ACTIVE','SEAT','2025-11-05 22:44:22.000000'),(0x4C8FBE2BBA5E11F0B98D00FF6B0014AE,0x01,40,'2025-11-05 22:44:22.000000','59BH 011',40,'ACTIVE','SEAT','2025-11-05 22:44:22.000000'),(0x4C959AD8BA5E11F0B98D00FF6B0014AE,0x01,40,'2025-11-05 22:44:22.000000','59BH 012',40,'ACTIVE','SEAT','2025-11-05 22:44:22.000000'),(0x4C9B6A5EBA5E11F0B98D00FF6B0014AE,0x01,40,'2025-11-05 22:44:22.000000','59BH 013',40,'ACTIVE','SEAT','2025-11-05 22:44:22.000000'),(0x4CA1193CBA5E11F0B98D00FF6B0014AE,0x01,40,'2025-11-05 22:44:22.000000','59BH 014',40,'ACTIVE','SEAT','2025-11-05 22:44:22.000000'),(0x4CA6FD7EBA5E11F0B98D00FF6B0014AE,0x01,40,'2025-11-05 22:44:22.000000','59BH 015',40,'ACTIVE','SEAT','2025-11-05 22:44:22.000000');
/*!40000 ALTER TABLE `vehicles` ENABLE KEYS */;
UNLOCK TABLES;

--
-- Table structure for table `wards`
--

DROP TABLE IF EXISTS `wards`;
/*!40101 SET @saved_cs_client     = @@character_set_client */;
/*!50503 SET character_set_client = utf8mb4 */;
CREATE TABLE `wards` (
  `id` binary(16) NOT NULL,
  `active` bit(1) NOT NULL,
  `code` varchar(20) DEFAULT NULL,
  `created_at` datetime(6) DEFAULT NULL,
  `name` varchar(100) NOT NULL,
  `updated_at` datetime(6) DEFAULT NULL,
  `province_id` binary(16) NOT NULL,
  PRIMARY KEY (`id`),
  UNIQUE KEY `UKntapeoauvvkx36nfnwsfhmo8` (`code`),
  KEY `FKbwfs5nhey1leef1v5ydhb45j2` (`province_id`),
  CONSTRAINT `FKbwfs5nhey1leef1v5ydhb45j2` FOREIGN KEY (`province_id`) REFERENCES `provinces` (`id`)
) ENGINE=InnoDB DEFAULT CHARSET=utf8mb4 COLLATE=utf8mb4_0900_ai_ci;
/*!40101 SET character_set_client = @saved_cs_client */;

--
-- Dumping data for table `wards`
--

LOCK TABLES `wards` WRITE;
/*!40000 ALTER TABLE `wards` DISABLE KEYS */;
INSERT INTO `wards` VALUES (0x01202B3E202071132067105220203A67,0x01,'79001','2025-10-28 21:35:38.766539','Quận 1',NULL,0x01202B3E201873432020126F20661720),(0x01202B3E20207820204420311DDFAF7C,0x01,'79002','2025-10-28 21:35:38.767111','Quận 3',NULL,0x01202B3E201873432020126F20661720);
/*!40000 ALTER TABLE `wards` ENABLE KEYS */;
UNLOCK TABLES;

--
-- Dumping events for database 'coach_service_db'
--

--
-- Dumping routines for database 'coach_service_db'
--
/*!50003 DROP PROCEDURE IF EXISTS `insertData` */;
/*!50003 SET @saved_cs_client      = @@character_set_client */ ;
/*!50003 SET @saved_cs_results     = @@character_set_results */ ;
/*!50003 SET @saved_col_connection = @@collation_connection */ ;
/*!50003 SET character_set_client  = utf8mb4 */ ;
/*!50003 SET character_set_results = utf8mb4 */ ;
/*!50003 SET collation_connection  = utf8mb4_0900_ai_ci */ ;
/*!50003 SET @saved_sql_mode       = @@sql_mode */ ;
/*!50003 SET sql_mode              = 'ONLY_FULL_GROUP_BY,STRICT_TRANS_TABLES,NO_ZERO_IN_DATE,NO_ZERO_DATE,ERROR_FOR_DIVISION_BY_ZERO,NO_ENGINE_SUBSTITUTION' */ ;
DELIMITER ;;
CREATE  PROCEDURE `insertData`(
	in soluongxe int,
    in soluongtuyen int,
    in soluongchuyen int
)
BEGIN
  DECLARE i INT DEFAULT 1;
  declare idxe BINARY(16);
  declare idghe binary(16);
  declare slghe int default 1;
  declare sltram int default 1;
  
  declare sorecordXe int;
  declare idtram binary(16);
  declare idtinh binary(16);
  declare tentinh varchar(511);
  
  
  declare sltuyen int default 1;
  declare idtuyen binary(16);
  declare idtramdi binary(16);
  declare idtinhdi binary(16);

  declare idtramdung binary(16);
  declare soluongtuyentram int default 1;
  
  
  declare idchuyen binary(16);
  declare ngayxuatphat datetime;
  declare ngayden datetime;
  declare slc int default 1;
  
  set sorecordXe = (select count(*) from vehicles);
  WHILE i <= soluongxe DO
	set idxe  = UUID_TO_BIN(UUID());
    INSERT INTO vehicles
    VALUES (idxe,true, 40, now(),concat("59BH ",RIGHT(sorecordXe, 5), i), 40,'ACTIVE','SEAT', now());
    
    set slghe = 1;
    while slghe <= 40 do
		set idghe = UUID_TO_BIN(UUID());
		insert into seats
		values (idghe, now(), slghe, concat("59BH",RIGHT(sorecordXe, 5), i, slghe), 'ACTIVE', NOW(), idxe);
        
        set  slghe = slghe + 1;
    end while;
    SET i = i + 1;
  END WHILE;
  
  while sltram <= 50 do
	 set idtinh = null;
     set idtram = UUID_TO_BIN(UUID());
		SELECT p.id, p.name
		INTO idtinh, tentinh
		FROM provinces p
			LEFT JOIN stops s ON s.province_id = p.id
		WHERE s.id IS NULL
		ORDER BY RAND()
		LIMIT 1;
	if idtinh is not null
    then
		insert into stops
		values (idtram, 1, concat("số ", sltram, " " , tentinh), 1, 1, now(), 1, concat("Bến xe ", tentinh), now(), idtinh, null);
    end if;
  set sltram = sltram + 1;
  end while;
  
  -- thêm tuyến và trạm thuộc tuyến
  set soluongtuyentram = 1;
  while sltuyen <= soluongtuyen do
	set idtuyen = UUID_TO_BIN(UUID());
   SELECT id, province_id
    into idtramdi, idtinhdi
	FROM stops
	ORDER BY RAND()
	LIMIT 1;
                    
	set idtramdung = (SELECT id
				FROM stops
                where id <> idtinhdi
				ORDER BY RAND()
				LIMIT 1);
    insert into routes
    values (idtuyen, 1, concat(sorecordXe, sltuyen), now(), (SELECT FLOOR(RAND()*2000)), (SELECT FLOOR(RAND() * (900 - 100 + 1)) + 100),  concat("Tuyến ", concat(sorecordXe, sltuyen)), now(), idtramdi,idtramdung  );
    
    while soluongtuyentram < (SELECT FLOOR(RAND() * (20 - 3 + 1)) + 3) do
			SELECT s.id, s.province_id
			INTO idtramdi, idtinhdi
			FROM stops s
			LEFT JOIN route_stops st
			  ON st.route_id = idtuyen
			 AND st.stop_id  = s.id
			WHERE st.stop_id IS NULL         
			ORDER BY RAND()
			LIMIT 1;

		insert into route_stops
        values(1,1,1,now(),1,soluongtuyentram,now(),idtuyen, idtramdi );
        
    set soluongtuyentram = soluongtuyentram + 1;
    end while;
  set sltuyen = sltuyen + 1;
  end while;
  
  while slc <= soluongchuyen do
		set ngayxuatphat = (SELECT DATE_ADD(NOW(), INTERVAL (SELECT FLOOR(RAND() * (15 - 1 + 1)) + 1) DAY));
        
        set ngayden = (SELECT DATE_ADD(ngayxuatphat, INTERVAL (SELECT FLOOR(RAND() * (15 - 1 + 1)) + 1) DAY));
        
		SET idxe = (
		  SELECT v.id
		  FROM vehicles v
		  LEFT JOIN trips t
			ON t.vehicle_id = v.id
		   AND t.scheduled_departure_time < ngayden
		   AND t.scheduled_arrival_time   > ngayxuatphat
		  WHERE t.vehicle_id IS NULL          -- không có trip nào overlap
		  ORDER BY RAND()
		  LIMIT 1
		);
		set idtuyen = (select id from routes order by rand() limit 1);
        if idxe is not null
        then
			set idchuyen = UUID_TO_BIN(UUID());
			insert into trips
            values (idchuyen, null, null, now(), UUID_TO_BIN(UUID()), '', (SELECT FLOOR(RAND() * (900000 - 200000 + 1)) + 200000), ngayxuatphat, ngayden, 'SCHEDULED', now(), idtuyen, idxe);
        end if;
  set slc = slc + 1;
  end while;
END ;;
DELIMITER ;
/*!50003 SET sql_mode              = @saved_sql_mode */ ;
/*!50003 SET character_set_client  = @saved_cs_client */ ;
/*!50003 SET character_set_results = @saved_cs_results */ ;
/*!50003 SET collation_connection  = @saved_col_connection */ ;
/*!50003 DROP PROCEDURE IF EXISTS `muave` */;
/*!50003 SET @saved_cs_client      = @@character_set_client */ ;
/*!50003 SET @saved_cs_results     = @@character_set_results */ ;
/*!50003 SET @saved_col_connection = @@collation_connection */ ;
/*!50003 SET character_set_client  = utf8mb4 */ ;
/*!50003 SET character_set_results = utf8mb4 */ ;
/*!50003 SET collation_connection  = utf8mb4_0900_ai_ci */ ;
/*!50003 SET @saved_sql_mode       = @@sql_mode */ ;
/*!50003 SET sql_mode              = 'ONLY_FULL_GROUP_BY,STRICT_TRANS_TABLES,NO_ZERO_IN_DATE,NO_ZERO_DATE,ERROR_FOR_DIVISION_BY_ZERO,NO_ENGINE_SUBSTITUTION' */ ;
DELIMITER ;;
CREATE  PROCEDURE `muave`(
slnguoimua int
)
BEGIN
declare mua int default 1;
declare huy int default 1;
declare slve int;
declare ve int;
declare giave decimal(10,2);
declare idbooking binary(16);
declare idchuyen binary(16);        
declare idtuyen binary(16);
declare stttramdi int;
declare stttramden int;
declare idtramdi binary(16);
declare idtramdung binary(16);
declare idghe binary(16);
while mua <= slnguoimua do
set idbooking = UUID_TO_BIN(UUID());
set slve = (SELECT FLOOR(RAND() * (5 - 1 + 1)) + 1);
set idchuyen = null;
set idchuyen = (select s.id
				from trips s
					left join bookings b on b.trip_id = s.id
				where b.id is null
                order by rand()
                limit 1);
if idchuyen is null
then
set idchuyen = (select id
				from trips
                order by rand()
                limit 1);
end if;

	select price, route_id
    into giave, idtuyen
	from trips
	where id = idchuyen;
	
    set idtramdung = (select stop_id
					  from route_stops 
                      where route_id = idtuyen and stop_order <= 4
                      order by rand()
                      limit 1);
                      
	set idtramdi = (select stop_id
					  from route_stops 
                      where route_id = idtuyen and stop_order >=5
                      order by rand()
                      limit 1);
insert into bookings
values (idbooking, CONCAT('BK', LPAD(FLOOR(RAND()*1000000), 6, '0')),CONCAT('user', FLOOR(RAND()*100000), '@gmail.com')
	  ,	ELT(1 + FLOOR(RAND()*10),
      'Nguyen Van A', 'Tran Thi B', 'Le Van C', 'Pham Thi D', 'Do Van E',
      'Hoang Thi F', 'Dang Van G', 'Bui Thi H', 'Vu Van I', 'Ngo Thi K')
      , CONCAT('0', FLOOR(100000000 + RAND()*900000000))
      , null
      , null
      , now()
      , UUID_TO_BIN(UUID())
      , ELT(1 + FLOOR(RAND()*4), 'BANK_TRANSFER', 'CARD', 'CASH', 'ONLINE') 
      , ELT(1 + FLOOR(RAND()*3), 'PAID', 'REFUNDED', 'UNPAID')
      , slve
      , UUID_TO_BIN(UUID())
      , ELT(1 + FLOOR(RAND()*4), 'COMPLETED','CONFIRMED','PAID','PENDING')
      , slve * giave
      , now()
      , idtramdi
      , idtramdung
      , idchuyen);
set ve = 1;	
	while ve <= slve
	do
		set idghe = null;
		set idghe = (select s.id
					 from trips t 
					 inner join routes r on r.id = t.route_id
					 inner join vehicles v on v.id = t.vehicle_id
					 inner join seats s on s.vehicle_id = v.id
					 left join bookings b on b.trip_id = t.id
					 left join booking_details bk on bk.booking_id = b.id and s.id = bk.seat_id
					 where t.id = idchuyen
							and bk.id is null
					limit 1);
		insert into booking_details
		values(UUID_TO_BIN(UUID()), now(), null, null, giave,ELT(1 + FLOOR(RAND()*3), 'BOOKED','CHECKED_IN','USED'), idbooking, idghe);
	set ve = ve + 1;
	end while;
set mua = mua + 1;
end while;
END ;;
DELIMITER ;
/*!50003 SET sql_mode              = @saved_sql_mode */ ;
/*!50003 SET character_set_client  = @saved_cs_client */ ;
/*!50003 SET character_set_results = @saved_cs_results */ ;
/*!50003 SET collation_connection  = @saved_col_connection */ ;
/*!40103 SET TIME_ZONE=@OLD_TIME_ZONE */;

/*!40101 SET SQL_MODE=@OLD_SQL_MODE */;
/*!40014 SET FOREIGN_KEY_CHECKS=@OLD_FOREIGN_KEY_CHECKS */;
/*!40014 SET UNIQUE_CHECKS=@OLD_UNIQUE_CHECKS */;
/*!40101 SET CHARACTER_SET_CLIENT=@OLD_CHARACTER_SET_CLIENT */;
/*!40101 SET CHARACTER_SET_RESULTS=@OLD_CHARACTER_SET_RESULTS */;
/*!40101 SET COLLATION_CONNECTION=@OLD_COLLATION_CONNECTION */;
/*!40111 SET SQL_NOTES=@OLD_SQL_NOTES */;

-- Dump completed on 2025-11-11 23:41:44
